Command line invocation:
    /Applications/Xcode_26.3.app/Contents/Developer/usr/bin/xcodebuild archive -workspace ./TranslateApp.xcodeproj/project.xcworkspace -scheme TranslateApp -configuration Release -destination generic/platform=iOS -archivePath /Users/runner/work/Ultra_Translation/Ultra_Translation/build.xcarchive

2026-06-12 11:57:54.084 xcodebuild[1886:9361] [MT] IDERunDestination: Supported platforms for the buildables in the current scheme is empty.
ComputePackagePrebuildTargetDependencyGraph

Prepare packages

CreateBuildRequest

SendProjectDescription

CreateBuildOperation

ComputeTargetDependencyGraph
note: Building targets in dependency order
note: Target dependency graph (1 target)
    Target 'TranslateApp' in project 'TranslateApp' (no dependencies)

GatherProvisioningInputs

CreateBuildDescription

ExecuteExternalTool /Applications/Xcode_26.3.app/Contents/Developer/Toolchains/XcodeDefault.xctoolchain/usr/bin/clang -v -E -dM -arch arm64 -isysroot /Applications/Xcode_26.3.app/Contents/Developer/Platforms/iPhoneOS.platform/Developer/SDKs/iPhoneOS26.2.sdk -x c -c /dev/null

ExecuteExternalTool /Applications/Xcode_26.3.app/Contents/Developer/Toolchains/XcodeDefault.xctoolchain/usr/bin/clang -v -E -dM -isysroot /Applications/Xcode_26.3.app/Contents/Developer/Platforms/iPhoneOS.platform/Developer/SDKs/iPhoneOS26.2.sdk -x c -c /dev/null

ExecuteExternalTool /Applications/Xcode_26.3.app/Contents/Developer/usr/bin/actool --print-asset-tag-combinations --output-format xml1 /Users/runner/work/Ultra_Translation/Ultra_Translation/TranslateApp/Resources/Assets.xcassets

ExecuteExternalTool /Applications/Xcode_26.3.app/Contents/Developer/usr/bin/actool --version --output-format xml1

ExecuteExternalTool /Applications/Xcode_26.3.app/Contents/Developer/Toolchains/XcodeDefault.xctoolchain/usr/bin/swiftc --version

ExecuteExternalTool /Applications/Xcode_26.3.app/Contents/Developer/Toolchains/XcodeDefault.xctoolchain/usr/bin/ld -version_details

Build description signature: 1b88d89547dcab81da09f9d6a262e3b7
Build description path: /Users/runner/Library/Developer/Xcode/DerivedData/TranslateApp-dhxlwmsysdlfcpeksaunblwbmept/Build/Intermediates.noindex/ArchiveIntermediates/TranslateApp/IntermediateBuildFilesPath/XCBuildData/1b88d89547dcab81da09f9d6a262e3b7.xcbuilddata
CreateBuildDirectory /Users/runner/Library/Developer/Xcode/DerivedData/TranslateApp-dhxlwmsysdlfcpeksaunblwbmept/Build/Intermediates.noindex/ArchiveIntermediates/TranslateApp/IntermediateBuildFilesPath
    cd /Users/runner/work/Ultra_Translation/Ultra_Translation/TranslateApp.xcodeproj
    builtin-create-build-directory /Users/runner/Library/Developer/Xcode/DerivedData/TranslateApp-dhxlwmsysdlfcpeksaunblwbmept/Build/Intermediates.noindex/ArchiveIntermediates/TranslateApp/IntermediateBuildFilesPath

CreateBuildDirectory /Users/runner/Library/Developer/Xcode/DerivedData/TranslateApp-dhxlwmsysdlfcpeksaunblwbmept/Build/Intermediates.noindex/ArchiveIntermediates/TranslateApp/InstallationBuildProductsLocation
    cd /Users/runner/work/Ultra_Translation/Ultra_Translation/TranslateApp.xcodeproj
    builtin-create-build-directory /Users/runner/Library/Developer/Xcode/DerivedData/TranslateApp-dhxlwmsysdlfcpeksaunblwbmept/Build/Intermediates.noindex/ArchiveIntermediates/TranslateApp/InstallationBuildProductsLocation

CreateBuildDirectory /Users/runner/Library/Developer/Xcode/DerivedData/TranslateApp-dhxlwmsysdlfcpeksaunblwbmept/Build/Intermediates.noindex/ArchiveIntermediates/TranslateApp/BuildProductsPath
    cd /Users/runner/work/Ultra_Translation/Ultra_Translation/TranslateApp.xcodeproj
    builtin-create-build-directory /Users/runner/Library/Developer/Xcode/DerivedData/TranslateApp-dhxlwmsysdlfcpeksaunblwbmept/Build/Intermediates.noindex/ArchiveIntermediates/TranslateApp/BuildProductsPath

ClangStatCache /Applications/Xcode_26.3.app/Contents/Developer/Toolchains/XcodeDefault.xctoolchain/usr/bin/clang-stat-cache /Applications/Xcode_26.3.app/Contents/Developer/Platforms/iPhoneOS.platform/Developer/SDKs/iPhoneOS26.2.sdk /Users/runner/Library/Developer/Xcode/DerivedData/SDKStatCaches.noindex/iphoneos26.2-23C57-dc75598d0054f22ec865fa860f139d722dd23b4ebda140f7210d155ff1243552.sdkstatcache
    cd /Users/runner/work/Ultra_Translation/Ultra_Translation/TranslateApp.xcodeproj
    /Applications/Xcode_26.3.app/Contents/Developer/Toolchains/XcodeDefault.xctoolchain/usr/bin/clang-stat-cache /Applications/Xcode_26.3.app/Contents/Developer/Platforms/iPhoneOS.platform/Developer/SDKs/iPhoneOS26.2.sdk -o /Users/runner/Library/Developer/Xcode/DerivedData/SDKStatCaches.noindex/iphoneos26.2-23C57-dc75598d0054f22ec865fa860f139d722dd23b4ebda140f7210d155ff1243552.sdkstatcache

WriteAuxiliaryFile /Users/runner/Library/Developer/Xcode/DerivedData/TranslateApp-dhxlwmsysdlfcpeksaunblwbmept/Build/Intermediates.noindex/ArchiveIntermediates/TranslateApp/IntermediateBuildFilesPath/TranslateApp.build/Release-iphoneos/TranslateApp-bb8ba0023ba4ec58d34eec82412c2eae-VFS-iphoneos/all-product-headers.yaml
    cd /Users/runner/work/Ultra_Translation/Ultra_Translation/TranslateApp.xcodeproj
    write-file /Users/runner/Library/Developer/Xcode/DerivedData/TranslateApp-dhxlwmsysdlfcpeksaunblwbmept/Build/Intermediates.noindex/ArchiveIntermediates/TranslateApp/IntermediateBuildFilesPath/TranslateApp.build/Release-iphoneos/TranslateApp-bb8ba0023ba4ec58d34eec82412c2eae-VFS-iphoneos/all-product-headers.yaml

CreateBuildDirectory /Users/runner/Library/Developer/Xcode/DerivedData/TranslateApp-dhxlwmsysdlfcpeksaunblwbmept/Build/Intermediates.noindex/ArchiveIntermediates/TranslateApp/IntermediateBuildFilesPath/SwiftExplicitPrecompiledModules
    cd /Users/runner/work/Ultra_Translation/Ultra_Translation/TranslateApp.xcodeproj
    builtin-create-build-directory /Users/runner/Library/Developer/Xcode/DerivedData/TranslateApp-dhxlwmsysdlfcpeksaunblwbmept/Build/Intermediates.noindex/ArchiveIntermediates/TranslateApp/IntermediateBuildFilesPath/SwiftExplicitPrecompiledModules

CreateBuildDirectory /Users/runner/Library/Developer/Xcode/DerivedData/TranslateApp-dhxlwmsysdlfcpeksaunblwbmept/Build/Intermediates.noindex/ArchiveIntermediates/TranslateApp/IntermediateBuildFilesPath/ExplicitPrecompiledModules
    cd /Users/runner/work/Ultra_Translation/Ultra_Translation/TranslateApp.xcodeproj
    builtin-create-build-directory /Users/runner/Library/Developer/Xcode/DerivedData/TranslateApp-dhxlwmsysdlfcpeksaunblwbmept/Build/Intermediates.noindex/ArchiveIntermediates/TranslateApp/IntermediateBuildFilesPath/ExplicitPrecompiledModules

CreateBuildDirectory /Users/runner/Library/Developer/Xcode/DerivedData/TranslateApp-dhxlwmsysdlfcpeksaunblwbmept/Build/Intermediates.noindex/ArchiveIntermediates/TranslateApp/IntermediateBuildFilesPath/EagerLinkingTBDs/Release-iphoneos
    cd /Users/runner/work/Ultra_Translation/Ultra_Translation/TranslateApp.xcodeproj
    builtin-create-build-directory /Users/runner/Library/Developer/Xcode/DerivedData/TranslateApp-dhxlwmsysdlfcpeksaunblwbmept/Build/Intermediates.noindex/ArchiveIntermediates/TranslateApp/IntermediateBuildFilesPath/EagerLinkingTBDs/Release-iphoneos

CreateBuildDirectory /Users/runner/Library/Developer/Xcode/DerivedData/TranslateApp-dhxlwmsysdlfcpeksaunblwbmept/Build/Intermediates.noindex/ArchiveIntermediates/TranslateApp/BuildProductsPath/Release-iphoneos
    cd /Users/runner/work/Ultra_Translation/Ultra_Translation/TranslateApp.xcodeproj
    builtin-create-build-directory /Users/runner/Library/Developer/Xcode/DerivedData/TranslateApp-dhxlwmsysdlfcpeksaunblwbmept/Build/Intermediates.noindex/ArchiveIntermediates/TranslateApp/BuildProductsPath/Release-iphoneos

WriteAuxiliaryFile /Users/runner/Library/Developer/Xcode/DerivedData/TranslateApp-dhxlwmsysdlfcpeksaunblwbmept/Build/Intermediates.noindex/ArchiveIntermediates/TranslateApp/IntermediateBuildFilesPath/TranslateApp.build/Release-iphoneos/TranslateApp.build/TranslateApp.hmap (in target 'TranslateApp' from project 'TranslateApp')
    cd /Users/runner/work/Ultra_Translation/Ultra_Translation
    write-file /Users/runner/Library/Developer/Xcode/DerivedData/TranslateApp-dhxlwmsysdlfcpeksaunblwbmept/Build/Intermediates.noindex/ArchiveIntermediates/TranslateApp/IntermediateBuildFilesPath/TranslateApp.build/Release-iphoneos/TranslateApp.build/TranslateApp.hmap

WriteAuxiliaryFile /Users/runner/Library/Developer/Xcode/DerivedData/TranslateApp-dhxlwmsysdlfcpeksaunblwbmept/Build/Intermediates.noindex/ArchiveIntermediates/TranslateApp/IntermediateBuildFilesPath/TranslateApp.build/Release-iphoneos/TranslateApp.build/TranslateApp.DependencyStaticMetadataFileList (in target 'TranslateApp' from project 'TranslateApp')
    cd /Users/runner/work/Ultra_Translation/Ultra_Translation
    write-file /Users/runner/Library/Developer/Xcode/DerivedData/TranslateApp-dhxlwmsysdlfcpeksaunblwbmept/Build/Intermediates.noindex/ArchiveIntermediates/TranslateApp/IntermediateBuildFilesPath/TranslateApp.build/Release-iphoneos/TranslateApp.build/TranslateApp.DependencyStaticMetadataFileList

WriteAuxiliaryFile /Users/runner/Library/Developer/Xcode/DerivedData/TranslateApp-dhxlwmsysdlfcpeksaunblwbmept/Build/Intermediates.noindex/ArchiveIntermediates/TranslateApp/IntermediateBuildFilesPath/TranslateApp.build/Release-iphoneos/TranslateApp.build/TranslateApp.DependencyMetadataFileList (in target 'TranslateApp' from project 'TranslateApp')
    cd /Users/runner/work/Ultra_Translation/Ultra_Translation
    write-file /Users/runner/Library/Developer/Xcode/DerivedData/TranslateApp-dhxlwmsysdlfcpeksaunblwbmept/Build/Intermediates.noindex/ArchiveIntermediates/TranslateApp/IntermediateBuildFilesPath/TranslateApp.build/Release-iphoneos/TranslateApp.build/TranslateApp.DependencyMetadataFileList

WriteAuxiliaryFile /Users/runner/Library/Developer/Xcode/DerivedData/TranslateApp-dhxlwmsysdlfcpeksaunblwbmept/Build/Intermediates.noindex/ArchiveIntermediates/TranslateApp/IntermediateBuildFilesPath/TranslateApp.build/Release-iphoneos/TranslateApp.build/TranslateApp-project-headers.hmap (in target 'TranslateApp' from project 'TranslateApp')
    cd /Users/runner/work/Ultra_Translation/Ultra_Translation
    write-file /Users/runner/Library/Developer/Xcode/DerivedData/TranslateApp-dhxlwmsysdlfcpeksaunblwbmept/Build/Intermediates.noindex/ArchiveIntermediates/TranslateApp/IntermediateBuildFilesPath/TranslateApp.build/Release-iphoneos/TranslateApp.build/TranslateApp-project-headers.hmap

WriteAuxiliaryFile /Users/runner/Library/Developer/Xcode/DerivedData/TranslateApp-dhxlwmsysdlfcpeksaunblwbmept/Build/Intermediates.noindex/ArchiveIntermediates/TranslateApp/IntermediateBuildFilesPath/TranslateApp.build/Release-iphoneos/TranslateApp.build/TranslateApp-own-target-headers.hmap (in target 'TranslateApp' from project 'TranslateApp')
    cd /Users/runner/work/Ultra_Translation/Ultra_Translation
    write-file /Users/runner/Library/Developer/Xcode/DerivedData/TranslateApp-dhxlwmsysdlfcpeksaunblwbmept/Build/Intermediates.noindex/ArchiveIntermediates/TranslateApp/IntermediateBuildFilesPath/TranslateApp.build/Release-iphoneos/TranslateApp.build/TranslateApp-own-target-headers.hmap

WriteAuxiliaryFile /Users/runner/Library/Developer/Xcode/DerivedData/TranslateApp-dhxlwmsysdlfcpeksaunblwbmept/Build/Intermediates.noindex/ArchiveIntermediates/TranslateApp/IntermediateBuildFilesPath/TranslateApp.build/Release-iphoneos/TranslateApp.build/TranslateApp-generated-files.hmap (in target 'TranslateApp' from project 'TranslateApp')
    cd /Users/runner/work/Ultra_Translation/Ultra_Translation
    write-file /Users/runner/Library/Developer/Xcode/DerivedData/TranslateApp-dhxlwmsysdlfcpeksaunblwbmept/Build/Intermediates.noindex/ArchiveIntermediates/TranslateApp/IntermediateBuildFilesPath/TranslateApp.build/Release-iphoneos/TranslateApp.build/TranslateApp-generated-files.hmap

WriteAuxiliaryFile /Users/runner/Library/Developer/Xcode/DerivedData/TranslateApp-dhxlwmsysdlfcpeksaunblwbmept/Build/Intermediates.noindex/ArchiveIntermediates/TranslateApp/IntermediateBuildFilesPath/TranslateApp.build/Release-iphoneos/TranslateApp.build/TranslateApp-all-target-headers.hmap (in target 'TranslateApp' from project 'TranslateApp')
    cd /Users/runner/work/Ultra_Translation/Ultra_Translation
    write-file /Users/runner/Library/Developer/Xcode/DerivedData/TranslateApp-dhxlwmsysdlfcpeksaunblwbmept/Build/Intermediates.noindex/ArchiveIntermediates/TranslateApp/IntermediateBuildFilesPath/TranslateApp.build/Release-iphoneos/TranslateApp.build/TranslateApp-all-target-headers.hmap

WriteAuxiliaryFile /Users/runner/Library/Developer/Xcode/DerivedData/TranslateApp-dhxlwmsysdlfcpeksaunblwbmept/Build/Intermediates.noindex/ArchiveIntermediates/TranslateApp/IntermediateBuildFilesPath/TranslateApp.build/Release-iphoneos/TranslateApp.build/TranslateApp-all-non-framework-target-headers.hmap (in target 'TranslateApp' from project 'TranslateApp')
    cd /Users/runner/work/Ultra_Translation/Ultra_Translation
    write-file /Users/runner/Library/Developer/Xcode/DerivedData/TranslateApp-dhxlwmsysdlfcpeksaunblwbmept/Build/Intermediates.noindex/ArchiveIntermediates/TranslateApp/IntermediateBuildFilesPath/TranslateApp.build/Release-iphoneos/TranslateApp.build/TranslateApp-all-non-framework-target-headers.hmap

WriteAuxiliaryFile /Users/runner/Library/Developer/Xcode/DerivedData/TranslateApp-dhxlwmsysdlfcpeksaunblwbmept/Build/Intermediates.noindex/ArchiveIntermediates/TranslateApp/IntermediateBuildFilesPath/TranslateApp.build/Release-iphoneos/TranslateApp.build/Script-BF6519AEBB30187CE3C70B8E.sh (in target 'TranslateApp' from project 'TranslateApp')
    cd /Users/runner/work/Ultra_Translation/Ultra_Translation
    write-file /Users/runner/Library/Developer/Xcode/DerivedData/TranslateApp-dhxlwmsysdlfcpeksaunblwbmept/Build/Intermediates.noindex/ArchiveIntermediates/TranslateApp/IntermediateBuildFilesPath/TranslateApp.build/Release-iphoneos/TranslateApp.build/Script-BF6519AEBB30187CE3C70B8E.sh

WriteAuxiliaryFile /Users/runner/Library/Developer/Xcode/DerivedData/TranslateApp-dhxlwmsysdlfcpeksaunblwbmept/Build/Intermediates.noindex/ArchiveIntermediates/TranslateApp/IntermediateBuildFilesPath/TranslateApp.build/Release-iphoneos/TranslateApp.build/Script-30D6DF8799DAAC562DD2AA3C.sh (in target 'TranslateApp' from project 'TranslateApp')
    cd /Users/runner/work/Ultra_Translation/Ultra_Translation
    write-file /Users/runner/Library/Developer/Xcode/DerivedData/TranslateApp-dhxlwmsysdlfcpeksaunblwbmept/Build/Intermediates.noindex/ArchiveIntermediates/TranslateApp/IntermediateBuildFilesPath/TranslateApp.build/Release-iphoneos/TranslateApp.build/Script-30D6DF8799DAAC562DD2AA3C.sh

WriteAuxiliaryFile /Users/runner/Library/Developer/Xcode/DerivedData/TranslateApp-dhxlwmsysdlfcpeksaunblwbmept/Build/Intermediates.noindex/ArchiveIntermediates/TranslateApp/IntermediateBuildFilesPath/TranslateApp.build/Release-iphoneos/TranslateApp.build/OutputFileList-30D6DF8799DAAC562DD2AA3C-Pods-TranslateApp-resources-Release-output-files-97062a4c8efc99c02fe8f1d2c302d7ea-resolved.xcfilelist (in target 'TranslateApp' from project 'TranslateApp')
    cd /Users/runner/work/Ultra_Translation/Ultra_Translation
    write-file /Users/runner/Library/Developer/Xcode/DerivedData/TranslateApp-dhxlwmsysdlfcpeksaunblwbmept/Build/Intermediates.noindex/ArchiveIntermediates/TranslateApp/IntermediateBuildFilesPath/TranslateApp.build/Release-iphoneos/TranslateApp.build/OutputFileList-30D6DF8799DAAC562DD2AA3C-Pods-TranslateApp-resources-Release-output-files-97062a4c8efc99c02fe8f1d2c302d7ea-resolved.xcfilelist

WriteAuxiliaryFile /Users/runner/Library/Developer/Xcode/DerivedData/TranslateApp-dhxlwmsysdlfcpeksaunblwbmept/Build/Intermediates.noindex/ArchiveIntermediates/TranslateApp/IntermediateBuildFilesPath/TranslateApp.build/Release-iphoneos/TranslateApp.build/Objects-normal/arm64/TranslateApp_const_extract_protocols.json (in target 'TranslateApp' from project 'TranslateApp')
    cd /Users/runner/work/Ultra_Translation/Ultra_Translation
    write-file /Users/runner/Library/Developer/Xcode/DerivedData/TranslateApp-dhxlwmsysdlfcpeksaunblwbmept/Build/Intermediates.noindex/ArchiveIntermediates/TranslateApp/IntermediateBuildFilesPath/TranslateApp.build/Release-iphoneos/TranslateApp.build/Objects-normal/arm64/TranslateApp_const_extract_protocols.json

WriteAuxiliaryFile /Users/runner/Library/Developer/Xcode/DerivedData/TranslateApp-dhxlwmsysdlfcpeksaunblwbmept/Build/Intermediates.noindex/ArchiveIntermediates/TranslateApp/IntermediateBuildFilesPath/TranslateApp.build/Release-iphoneos/TranslateApp.build/Objects-normal/arm64/TranslateApp.SwiftFileList (in target 'TranslateApp' from project 'TranslateApp')
    cd /Users/runner/work/Ultra_Translation/Ultra_Translation
    write-file /Users/runner/Library/Developer/Xcode/DerivedData/TranslateApp-dhxlwmsysdlfcpeksaunblwbmept/Build/Intermediates.noindex/ArchiveIntermediates/TranslateApp/IntermediateBuildFilesPath/TranslateApp.build/Release-iphoneos/TranslateApp.build/Objects-normal/arm64/TranslateApp.SwiftFileList

WriteAuxiliaryFile /Users/runner/Library/Developer/Xcode/DerivedData/TranslateApp-dhxlwmsysdlfcpeksaunblwbmept/Build/Intermediates.noindex/ArchiveIntermediates/TranslateApp/IntermediateBuildFilesPath/TranslateApp.build/Release-iphoneos/TranslateApp.build/Objects-normal/arm64/TranslateApp.SwiftConstValuesFileList (in target 'TranslateApp' from project 'TranslateApp')
    cd /Users/runner/work/Ultra_Translation/Ultra_Translation
    write-file /Users/runner/Library/Developer/Xcode/DerivedData/TranslateApp-dhxlwmsysdlfcpeksaunblwbmept/Build/Intermediates.noindex/ArchiveIntermediates/TranslateApp/IntermediateBuildFilesPath/TranslateApp.build/Release-iphoneos/TranslateApp.build/Objects-normal/arm64/TranslateApp.SwiftConstValuesFileList

WriteAuxiliaryFile /Users/runner/Library/Developer/Xcode/DerivedData/TranslateApp-dhxlwmsysdlfcpeksaunblwbmept/Build/Intermediates.noindex/ArchiveIntermediates/TranslateApp/IntermediateBuildFilesPath/TranslateApp.build/Release-iphoneos/TranslateApp.build/Objects-normal/arm64/TranslateApp.LinkFileList (in target 'TranslateApp' from project 'TranslateApp')
    cd /Users/runner/work/Ultra_Translation/Ultra_Translation
    write-file /Users/runner/Library/Developer/Xcode/DerivedData/TranslateApp-dhxlwmsysdlfcpeksaunblwbmept/Build/Intermediates.noindex/ArchiveIntermediates/TranslateApp/IntermediateBuildFilesPath/TranslateApp.build/Release-iphoneos/TranslateApp.build/Objects-normal/arm64/TranslateApp.LinkFileList

WriteAuxiliaryFile /Users/runner/Library/Developer/Xcode/DerivedData/TranslateApp-dhxlwmsysdlfcpeksaunblwbmept/Build/Intermediates.noindex/ArchiveIntermediates/TranslateApp/IntermediateBuildFilesPath/TranslateApp.build/Release-iphoneos/TranslateApp.build/Objects-normal/arm64/TranslateApp-OutputFileMap.json (in target 'TranslateApp' from project 'TranslateApp')
    cd /Users/runner/work/Ultra_Translation/Ultra_Translation
    write-file /Users/runner/Library/Developer/Xcode/DerivedData/TranslateApp-dhxlwmsysdlfcpeksaunblwbmept/Build/Intermediates.noindex/ArchiveIntermediates/TranslateApp/IntermediateBuildFilesPath/TranslateApp.build/Release-iphoneos/TranslateApp.build/Objects-normal/arm64/TranslateApp-OutputFileMap.json

WriteAuxiliaryFile /Users/runner/Library/Developer/Xcode/DerivedData/TranslateApp-dhxlwmsysdlfcpeksaunblwbmept/Build/Intermediates.noindex/ArchiveIntermediates/TranslateApp/IntermediateBuildFilesPath/TranslateApp.build/Release-iphoneos/TranslateApp.build/Objects-normal/arm64/7187679823f38a2a940e0043cdf9d637-common-args.resp (in target 'TranslateApp' from project 'TranslateApp')
    cd /Users/runner/work/Ultra_Translation/Ultra_Translation
    write-file /Users/runner/Library/Developer/Xcode/DerivedData/TranslateApp-dhxlwmsysdlfcpeksaunblwbmept/Build/Intermediates.noindex/ArchiveIntermediates/TranslateApp/IntermediateBuildFilesPath/TranslateApp.build/Release-iphoneos/TranslateApp.build/Objects-normal/arm64/7187679823f38a2a940e0043cdf9d637-common-args.resp
-target arm64-apple-ios16.0 '-std=gnu11' -fmodules -gmodules '-fmodules-cache-path=/Users/runner/Library/Developer/Xcode/DerivedData/ModuleCache.noindex' -fpascal-strings -Os -fno-common '-DCOCOAPODS=1' '-DPB_FIELD_32BIT=1' '-DPB_NO_PACKED_STRUCTS=1' '-DPB_ENABLE_MALLOC=1' -isysroot /Applications/Xcode_26.3.app/Contents/Developer/Platforms/iPhoneOS.platform/Developer/SDKs/iPhoneOS26.2.sdk -g '-fvisibility=hidden' -iquote /Users/runner/Library/Developer/Xcode/DerivedData/TranslateApp-dhxlwmsysdlfcpeksaunblwbmept/Build/Intermediates.noindex/ArchiveIntermediates/TranslateApp/IntermediateBuildFilesPath/TranslateApp.build/Release-iphoneos/TranslateApp.build/TranslateApp-generated-files.hmap -I/Users/runner/Library/Developer/Xcode/DerivedData/TranslateApp-dhxlwmsysdlfcpeksaunblwbmept/Build/Intermediates.noindex/ArchiveIntermediates/TranslateApp/IntermediateBuildFilesPath/TranslateApp.build/Release-iphoneos/TranslateApp.build/TranslateApp-own-target-headers.hmap -I/Users/runner/Library/Developer/Xcode/DerivedData/TranslateApp-dhxlwmsysdlfcpeksaunblwbmept/Build/Intermediates.noindex/ArchiveIntermediates/TranslateApp/IntermediateBuildFilesPath/TranslateApp.build/Release-iphoneos/TranslateApp.build/TranslateApp-all-target-headers.hmap -iquote /Users/runner/Library/Developer/Xcode/DerivedData/TranslateApp-dhxlwmsysdlfcpeksaunblwbmept/Build/Intermediates.noindex/ArchiveIntermediates/TranslateApp/IntermediateBuildFilesPath/TranslateApp.build/Release-iphoneos/TranslateApp.build/TranslateApp-project-headers.hmap -I/Users/runner/Library/Developer/Xcode/DerivedData/TranslateApp-dhxlwmsysdlfcpeksaunblwbmept/Build/Intermediates.noindex/ArchiveIntermediates/TranslateApp/BuildProductsPath/Release-iphoneos/include -I/Users/runner/Library/Developer/Xcode/DerivedData/TranslateApp-dhxlwmsysdlfcpeksaunblwbmept/Build/Intermediates.noindex/ArchiveIntermediates/TranslateApp/BuildProductsPath/Release-iphoneos/GTMSessionFetcher/GTMSessionFetcher.framework/Headers -I/Users/runner/Library/Developer/Xcode/DerivedData/TranslateApp-dhxlwmsysdlfcpeksaunblwbmept/Build/Intermediates.noindex/ArchiveIntermediates/TranslateApp/BuildProductsPath/Release-iphoneos/GoogleDataTransport/GoogleDataTransport.framework/Headers -I/Users/runner/Library/Developer/Xcode/DerivedData/TranslateApp-dhxlwmsysdlfcpeksaunblwbmept/Build/Intermediates.noindex/ArchiveIntermediates/TranslateApp/BuildProductsPath/Release-iphoneos/GoogleToolboxForMac/GoogleToolboxForMac.framework/Headers -I/Users/runner/Library/Developer/Xcode/DerivedData/TranslateApp-dhxlwmsysdlfcpeksaunblwbmept/Build/Intermediates.noindex/ArchiveIntermediates/TranslateApp/BuildProductsPath/Release-iphoneos/GoogleUtilities/GoogleUtilities.framework/Headers -I/Users/runner/Library/Developer/Xcode/DerivedData/TranslateApp-dhxlwmsysdlfcpeksaunblwbmept/Build/Intermediates.noindex/ArchiveIntermediates/TranslateApp/BuildProductsPath/Release-iphoneos/PromisesObjC/FBLPromises.framework/Headers -I/Users/runner/Library/Developer/Xcode/DerivedData/TranslateApp-dhxlwmsysdlfcpeksaunblwbmept/Build/Intermediates.noindex/ArchiveIntermediates/TranslateApp/BuildProductsPath/Release-iphoneos/SSZipArchive/SSZipArchive.framework/Headers -I/Users/runner/Library/Developer/Xcode/DerivedData/TranslateApp-dhxlwmsysdlfcpeksaunblwbmept/Build/Intermediates.noindex/ArchiveIntermediates/TranslateApp/BuildProductsPath/Release-iphoneos/SubscriptionKit/SubscriptionKit.framework/Headers -I/Users/runner/Library/Developer/Xcode/DerivedData/TranslateApp-dhxlwmsysdlfcpeksaunblwbmept/Build/Intermediates.noindex/ArchiveIntermediates/TranslateApp/BuildProductsPath/Release-iphoneos/nanopb/nanopb.framework/Headers -I/Users/runner/work/Ultra_Translation/Ultra_Translation/Pods/Headers/Public -I/Users/runner/work/Ultra_Translation/Ultra_Translation/Pods/Headers/Public/GoogleMLKit -I/Users/runner/work/Ultra_Translation/Ultra_Translation/Pods/GoogleMLKit/MLKitCore/Sources -I/Users/runner/Library/Developer/Xcode/DerivedData/TranslateApp-dhxlwmsysdlfcpeksaunblwbmept/Build/Intermediates.noindex/ArchiveIntermediates/TranslateApp/IntermediateBuildFilesPath/TranslateApp.build/Release-iphoneos/TranslateApp.build/DerivedSources-normal/arm64 -I/Users/runner/Library/Developer/Xcode/DerivedData/TranslateApp-dhxlwmsysdlfcpeksaunblwbmept/Build/Intermediates.noindex/ArchiveIntermediates/TranslateApp/IntermediateBuildFilesPath/TranslateApp.build/Release-iphoneos/TranslateApp.build/DerivedSources/arm64 -I/Users/runner/Library/Developer/Xcode/DerivedData/TranslateApp-dhxlwmsysdlfcpeksaunblwbmept/Build/Intermediates.noindex/ArchiveIntermediates/TranslateApp/IntermediateBuildFilesPath/TranslateApp.build/Release-iphoneos/TranslateApp.build/DerivedSources -F/Users/runner/Library/Developer/Xcode/DerivedData/TranslateApp-dhxlwmsysdlfcpeksaunblwbmept/Build/Intermediates.noindex/ArchiveIntermediates/TranslateApp/BuildProductsPath/Release-iphoneos -F/Users/runner/Library/Developer/Xcode/DerivedData/TranslateApp-dhxlwmsysdlfcpeksaunblwbmept/Build/Intermediates.noindex/ArchiveIntermediates/TranslateApp/BuildProductsPath/Release-iphoneos/GTMSessionFetcher -F/Users/runner/Library/Developer/Xcode/DerivedData/TranslateApp-dhxlwmsysdlfcpeksaunblwbmept/Build/Intermediates.noindex/ArchiveIntermediates/TranslateApp/BuildProductsPath/Release-iphoneos/GoogleDataTransport -F/Users/runner/Library/Developer/Xcode/DerivedData/TranslateApp-dhxlwmsysdlfcpeksaunblwbmept/Build/Intermediates.noindex/ArchiveIntermediates/TranslateApp/BuildProductsPath/Release-iphoneos/GoogleToolboxForMac -F/Users/runner/Library/Developer/Xcode/DerivedData/TranslateApp-dhxlwmsysdlfcpeksaunblwbmept/Build/Intermediates.noindex/ArchiveIntermediates/TranslateApp/BuildProductsPath/Release-iphoneos/GoogleUtilities -F/Users/runner/Library/Developer/Xcode/DerivedData/TranslateApp-dhxlwmsysdlfcpeksaunblwbmept/Build/Intermediates.noindex/ArchiveIntermediates/TranslateApp/BuildProductsPath/Release-iphoneos/PromisesObjC -F/Users/runner/Library/Developer/Xcode/DerivedData/TranslateApp-dhxlwmsysdlfcpeksaunblwbmept/Build/Intermediates.noindex/ArchiveIntermediates/TranslateApp/BuildProductsPath/Release-iphoneos/SSZipArchive -F/Users/runner/Library/Developer/Xcode/DerivedData/TranslateApp-dhxlwmsysdlfcpeksaunblwbmept/Build/Intermediates.noindex/ArchiveIntermediates/TranslateApp/BuildProductsPath/Release-iphoneos/SubscriptionKit -F/Users/runner/Library/Developer/Xcode/DerivedData/TranslateApp-dhxlwmsysdlfcpeksaunblwbmept/Build/Intermediates.noindex/ArchiveIntermediates/TranslateApp/BuildProductsPath/Release-iphoneos/nanopb -F/Users/runner/work/Ultra_Translation/Ultra_Translation/Pods/MLKitCommon/Frameworks -F/Users/runner/work/Ultra_Translation/Ultra_Translation/Pods/MLKitNaturalLanguage/Frameworks -F/Users/runner/work/Ultra_Translation/Ultra_Translation/Pods/MLKitTranslate/Frameworks -F/Users/runner/work/Ultra_Translation/Ultra_Translation/Pods/UMCommon/UMCommon_7.5.11 -F/Users/runner/work/Ultra_Translation/Ultra_Translation/Pods/UMDevice/UMDevice_3.6.0 -F/Users/runner/Library/Developer/Xcode/DerivedData/TranslateApp-dhxlwmsysdlfcpeksaunblwbmept/Build/Intermediates.noindex/ArchiveIntermediates/TranslateApp/BuildProductsPath/Release-iphoneos/XCFrameworkIntermediates/UMCommon -F/Users/runner/Library/Developer/Xcode/DerivedData/TranslateApp-dhxlwmsysdlfcpeksaunblwbmept/Build/Intermediates.noindex/ArchiveIntermediates/TranslateApp/BuildProductsPath/Release-iphoneos/XCFrameworkIntermediates/UMDevice

WriteAuxiliaryFile /Users/runner/Library/Developer/Xcode/DerivedData/TranslateApp-dhxlwmsysdlfcpeksaunblwbmept/Build/Intermediates.noindex/ArchiveIntermediates/TranslateApp/IntermediateBuildFilesPath/TranslateApp.build/Release-iphoneos/TranslateApp.build/InputFileList-30D6DF8799DAAC562DD2AA3C-Pods-TranslateApp-resources-Release-input-files-9779f28c01cd6c6749989f803ece7458-resolved.xcfilelist (in target 'TranslateApp' from project 'TranslateApp')
    cd /Users/runner/work/Ultra_Translation/Ultra_Translation
    write-file /Users/runner/Library/Developer/Xcode/DerivedData/TranslateApp-dhxlwmsysdlfcpeksaunblwbmept/Build/Intermediates.noindex/ArchiveIntermediates/TranslateApp/IntermediateBuildFilesPath/TranslateApp.build/Release-iphoneos/TranslateApp.build/InputFileList-30D6DF8799DAAC562DD2AA3C-Pods-TranslateApp-resources-Release-input-files-9779f28c01cd6c6749989f803ece7458-resolved.xcfilelist

WriteAuxiliaryFile /Users/runner/Library/Developer/Xcode/DerivedData/TranslateApp-dhxlwmsysdlfcpeksaunblwbmept/Build/Intermediates.noindex/ArchiveIntermediates/TranslateApp/IntermediateBuildFilesPath/TranslateApp.build/Release-iphoneos/TranslateApp.build/DerivedSources/TranslateApp_vers.c (in target 'TranslateApp' from project 'TranslateApp')
    cd /Users/runner/work/Ultra_Translation/Ultra_Translation
    write-file /Users/runner/Library/Developer/Xcode/DerivedData/TranslateApp-dhxlwmsysdlfcpeksaunblwbmept/Build/Intermediates.noindex/ArchiveIntermediates/TranslateApp/IntermediateBuildFilesPath/TranslateApp.build/Release-iphoneos/TranslateApp.build/DerivedSources/TranslateApp_vers.c

WriteAuxiliaryFile /Users/runner/Library/Developer/Xcode/DerivedData/TranslateApp-dhxlwmsysdlfcpeksaunblwbmept/Build/Intermediates.noindex/ArchiveIntermediates/TranslateApp/IntermediateBuildFilesPath/TranslateApp.build/Release-iphoneos/TranslateApp.build/DerivedSources/Entitlements.plist (in target 'TranslateApp' from project 'TranslateApp')
    cd /Users/runner/work/Ultra_Translation/Ultra_Translation
    write-file /Users/runner/Library/Developer/Xcode/DerivedData/TranslateApp-dhxlwmsysdlfcpeksaunblwbmept/Build/Intermediates.noindex/ArchiveIntermediates/TranslateApp/IntermediateBuildFilesPath/TranslateApp.build/Release-iphoneos/TranslateApp.build/DerivedSources/Entitlements.plist

SymLink /Users/runner/Library/Developer/Xcode/DerivedData/TranslateApp-dhxlwmsysdlfcpeksaunblwbmept/Build/Intermediates.noindex/ArchiveIntermediates/TranslateApp/BuildProductsPath/Release-iphoneos/TranslateApp.app ../../InstallationBuildProductsLocation/Applications/TranslateApp.app (in target 'TranslateApp' from project 'TranslateApp')
    cd /Users/runner/work/Ultra_Translation/Ultra_Translation
    /bin/ln -sfh ../../InstallationBuildProductsLocation/Applications/TranslateApp.app /Users/runner/Library/Developer/Xcode/DerivedData/TranslateApp-dhxlwmsysdlfcpeksaunblwbmept/Build/Intermediates.noindex/ArchiveIntermediates/TranslateApp/BuildProductsPath/Release-iphoneos/TranslateApp.app

MkDir /Users/runner/Library/Developer/Xcode/DerivedData/TranslateApp-dhxlwmsysdlfcpeksaunblwbmept/Build/Intermediates.noindex/ArchiveIntermediates/TranslateApp/InstallationBuildProductsLocation/Applications/TranslateApp.app (in target 'TranslateApp' from project 'TranslateApp')
    cd /Users/runner/work/Ultra_Translation/Ultra_Translation
    /bin/mkdir -p /Users/runner/Library/Developer/Xcode/DerivedData/TranslateApp-dhxlwmsysdlfcpeksaunblwbmept/Build/Intermediates.noindex/ArchiveIntermediates/TranslateApp/InstallationBuildProductsLocation/Applications/TranslateApp.app

ProcessProductPackaging /Users/runner/Library/MobileDevice/Provisioning\ Profiles/9d292506-d80b-4b1e-b6b6-644b277ec890.mobileprovision /Users/runner/Library/Developer/Xcode/DerivedData/TranslateApp-dhxlwmsysdlfcpeksaunblwbmept/Build/Intermediates.noindex/ArchiveIntermediates/TranslateApp/InstallationBuildProductsLocation/Applications/TranslateApp.app/embedded.mobileprovision (in target 'TranslateApp' from project 'TranslateApp')
    cd /Users/runner/work/Ultra_Translation/Ultra_Translation
    builtin-productPackagingUtility /Users/runner/Library/MobileDevice/Provisioning\ Profiles/9d292506-d80b-4b1e-b6b6-644b277ec890.mobileprovision -o /Users/runner/Library/Developer/Xcode/DerivedData/TranslateApp-dhxlwmsysdlfcpeksaunblwbmept/Build/Intermediates.noindex/ArchiveIntermediates/TranslateApp/InstallationBuildProductsLocation/Applications/TranslateApp.app/embedded.mobileprovision

ProcessProductPackaging "" /Users/runner/Library/Developer/Xcode/DerivedData/TranslateApp-dhxlwmsysdlfcpeksaunblwbmept/Build/Intermediates.noindex/ArchiveIntermediates/TranslateApp/IntermediateBuildFilesPath/TranslateApp.build/Release-iphoneos/TranslateApp.build/TranslateApp.app.xcent (in target 'TranslateApp' from project 'TranslateApp')
    cd /Users/runner/work/Ultra_Translation/Ultra_Translation
    
    Entitlements:
    
    {
    "application-identifier" = "6G8S89H94F.com.yahsi.trasnslate.app";
    "beta-reports-active" = 1;
    "com.apple.developer.team-identifier" = 6G8S89H94F;
    "get-task-allow" = 0;
}
    
    builtin-productPackagingUtility -entitlements -format xml -o /Users/runner/Library/Developer/Xcode/DerivedData/TranslateApp-dhxlwmsysdlfcpeksaunblwbmept/Build/Intermediates.noindex/ArchiveIntermediates/TranslateApp/IntermediateBuildFilesPath/TranslateApp.build/Release-iphoneos/TranslateApp.build/TranslateApp.app.xcent

ProcessProductPackagingDER /Users/runner/Library/Developer/Xcode/DerivedData/TranslateApp-dhxlwmsysdlfcpeksaunblwbmept/Build/Intermediates.noindex/ArchiveIntermediates/TranslateApp/IntermediateBuildFilesPath/TranslateApp.build/Release-iphoneos/TranslateApp.build/TranslateApp.app.xcent /Users/runner/Library/Developer/Xcode/DerivedData/TranslateApp-dhxlwmsysdlfcpeksaunblwbmept/Build/Intermediates.noindex/ArchiveIntermediates/TranslateApp/IntermediateBuildFilesPath/TranslateApp.build/Release-iphoneos/TranslateApp.build/TranslateApp.app.xcent.der (in target 'TranslateApp' from project 'TranslateApp')
    cd /Users/runner/work/Ultra_Translation/Ultra_Translation
    /usr/bin/derq query -f xml -i /Users/runner/Library/Developer/Xcode/DerivedData/TranslateApp-dhxlwmsysdlfcpeksaunblwbmept/Build/Intermediates.noindex/ArchiveIntermediates/TranslateApp/IntermediateBuildFilesPath/TranslateApp.build/Release-iphoneos/TranslateApp.build/TranslateApp.app.xcent -o /Users/runner/Library/Developer/Xcode/DerivedData/TranslateApp-dhxlwmsysdlfcpeksaunblwbmept/Build/Intermediates.noindex/ArchiveIntermediates/TranslateApp/IntermediateBuildFilesPath/TranslateApp.build/Release-iphoneos/TranslateApp.build/TranslateApp.app.xcent.der --raw

PhaseScriptExecution [CP]\ Check\ Pods\ Manifest.lock /Users/runner/Library/Developer/Xcode/DerivedData/TranslateApp-dhxlwmsysdlfcpeksaunblwbmept/Build/Intermediates.noindex/ArchiveIntermediates/TranslateApp/IntermediateBuildFilesPath/TranslateApp.build/Release-iphoneos/TranslateApp.build/Script-BF6519AEBB30187CE3C70B8E.sh (in target 'TranslateApp' from project 'TranslateApp')
    cd /Users/runner/work/Ultra_Translation/Ultra_Translation
    /bin/sh -c /Users/runner/Library/Developer/Xcode/DerivedData/TranslateApp-dhxlwmsysdlfcpeksaunblwbmept/Build/Intermediates.noindex/ArchiveIntermediates/TranslateApp/IntermediateBuildFilesPath/TranslateApp.build/Release-iphoneos/TranslateApp.build/Script-BF6519AEBB30187CE3C70B8E.sh

MkDir /Users/runner/Library/Developer/Xcode/DerivedData/TranslateApp-dhxlwmsysdlfcpeksaunblwbmept/Build/Intermediates.noindex/ArchiveIntermediates/TranslateApp/IntermediateBuildFilesPath/TranslateApp.build/Release-iphoneos/TranslateApp.build/assetcatalog_output/unthinned (in target 'TranslateApp' from project 'TranslateApp')
    cd /Users/runner/work/Ultra_Translation/Ultra_Translation
    /bin/mkdir -p /Users/runner/Library/Developer/Xcode/DerivedData/TranslateApp-dhxlwmsysdlfcpeksaunblwbmept/Build/Intermediates.noindex/ArchiveIntermediates/TranslateApp/IntermediateBuildFilesPath/TranslateApp.build/Release-iphoneos/TranslateApp.build/assetcatalog_output/unthinned

MkDir /Users/runner/Library/Developer/Xcode/DerivedData/TranslateApp-dhxlwmsysdlfcpeksaunblwbmept/Build/Intermediates.noindex/ArchiveIntermediates/TranslateApp/IntermediateBuildFilesPath/TranslateApp.build/Release-iphoneos/TranslateApp.build/assetcatalog_output/thinned (in target 'TranslateApp' from project 'TranslateApp')
    cd /Users/runner/work/Ultra_Translation/Ultra_Translation
    /bin/mkdir -p /Users/runner/Library/Developer/Xcode/DerivedData/TranslateApp-dhxlwmsysdlfcpeksaunblwbmept/Build/Intermediates.noindex/ArchiveIntermediates/TranslateApp/IntermediateBuildFilesPath/TranslateApp.build/Release-iphoneos/TranslateApp.build/assetcatalog_output/thinned

GenerateAssetSymbols /Users/runner/work/Ultra_Translation/Ultra_Translation/TranslateApp/Resources/Assets.xcassets (in target 'TranslateApp' from project 'TranslateApp')
    cd /Users/runner/work/Ultra_Translation/Ultra_Translation
    /Applications/Xcode_26.3.app/Contents/Developer/usr/bin/actool /Users/runner/work/Ultra_Translation/Ultra_Translation/TranslateApp/Resources/Assets.xcassets --compile /Users/runner/Library/Developer/Xcode/DerivedData/TranslateApp-dhxlwmsysdlfcpeksaunblwbmept/Build/Intermediates.noindex/ArchiveIntermediates/TranslateApp/InstallationBuildProductsLocation/Applications/TranslateApp.app --output-format human-readable-text --notices --warnings --export-dependency-info /Users/runner/Library/Developer/Xcode/DerivedData/TranslateApp-dhxlwmsysdlfcpeksaunblwbmept/Build/Intermediates.noindex/ArchiveIntermediates/TranslateApp/IntermediateBuildFilesPath/TranslateApp.build/Release-iphoneos/TranslateApp.build/assetcatalog_dependencies --output-partial-info-plist /Users/runner/Library/Developer/Xcode/DerivedData/TranslateApp-dhxlwmsysdlfcpeksaunblwbmept/Build/Intermediates.noindex/ArchiveIntermediates/TranslateApp/IntermediateBuildFilesPath/TranslateApp.build/Release-iphoneos/TranslateApp.build/assetcatalog_generated_info.plist --app-icon AppIcon --include-all-app-icons --compress-pngs --enable-on-demand-resources YES --development-region en --target-device iphone --minimum-deployment-target 16.0 --platform iphoneos --bundle-identifier com.yahsi.trasnslate.app --generate-swift-asset-symbol-extensions NO --generate-swift-asset-symbols /Users/runner/Library/Developer/Xcode/DerivedData/TranslateApp-dhxlwmsysdlfcpeksaunblwbmept/Build/Intermediates.noindex/ArchiveIntermediates/TranslateApp/IntermediateBuildFilesPath/TranslateApp.build/Release-iphoneos/TranslateApp.build/DerivedSources/GeneratedAssetSymbols.swift --generate-objc-asset-symbols /Users/runner/Library/Developer/Xcode/DerivedData/TranslateApp-dhxlwmsysdlfcpeksaunblwbmept/Build/Intermediates.noindex/ArchiveIntermediates/TranslateApp/IntermediateBuildFilesPath/TranslateApp.build/Release-iphoneos/TranslateApp.build/DerivedSources/GeneratedAssetSymbols.h --generate-asset-symbol-index /Users/runner/Library/Developer/Xcode/DerivedData/TranslateApp-dhxlwmsysdlfcpeksaunblwbmept/Build/Intermediates.noindex/ArchiveIntermediates/TranslateApp/IntermediateBuildFilesPath/TranslateApp.build/Release-iphoneos/TranslateApp.build/DerivedSources/GeneratedAssetSymbols-Index.plist
/* com.apple.actool.compilation-results */
/Users/runner/Library/Developer/Xcode/DerivedData/TranslateApp-dhxlwmsysdlfcpeksaunblwbmept/Build/Intermediates.noindex/ArchiveIntermediates/TranslateApp/IntermediateBuildFilesPath/TranslateApp.build/Release-iphoneos/TranslateApp.build/DerivedSources/GeneratedAssetSymbols-Index.plist
/Users/runner/Library/Developer/Xcode/DerivedData/TranslateApp-dhxlwmsysdlfcpeksaunblwbmept/Build/Intermediates.noindex/ArchiveIntermediates/TranslateApp/IntermediateBuildFilesPath/TranslateApp.build/Release-iphoneos/TranslateApp.build/DerivedSources/GeneratedAssetSymbols.h
/Users/runner/Library/Developer/Xcode/DerivedData/TranslateApp-dhxlwmsysdlfcpeksaunblwbmept/Build/Intermediates.noindex/ArchiveIntermediates/TranslateApp/IntermediateBuildFilesPath/TranslateApp.build/Release-iphoneos/TranslateApp.build/DerivedSources/GeneratedAssetSymbols.swift


CopyStringsFile /Users/runner/Library/Developer/Xcode/DerivedData/TranslateApp-dhxlwmsysdlfcpeksaunblwbmept/Build/Intermediates.noindex/ArchiveIntermediates/TranslateApp/InstallationBuildProductsLocation/Applications/TranslateApp.app/zh-Hans.lproj/Localizable.strings /Users/runner/work/Ultra_Translation/Ultra_Translation/TranslateApp/zh-Hans.lproj/Localizable.strings (in target 'TranslateApp' from project 'TranslateApp')
    cd /Users/runner/work/Ultra_Translation/Ultra_Translation
    builtin-copyStrings --validate --outputencoding binary --outfilename Localizable.strings --outdir /Users/runner/Library/Developer/Xcode/DerivedData/TranslateApp-dhxlwmsysdlfcpeksaunblwbmept/Build/Intermediates.noindex/ArchiveIntermediates/TranslateApp/InstallationBuildProductsLocation/Applications/TranslateApp.app/zh-Hans.lproj -- /Users/runner/work/Ultra_Translation/Ultra_Translation/TranslateApp/zh-Hans.lproj/Localizable.strings
/Users/runner/work/Ultra_Translation/Ultra_Translation/TranslateApp/zh-Hans.lproj/Localizable.strings:1:1: note: detected encoding of input file as Unicode (UTF-8) (in target 'TranslateApp' from project 'TranslateApp')

CopyStringsFile /Users/runner/Library/Developer/Xcode/DerivedData/TranslateApp-dhxlwmsysdlfcpeksaunblwbmept/Build/Intermediates.noindex/ArchiveIntermediates/TranslateApp/InstallationBuildProductsLocation/Applications/TranslateApp.app/zh-Hans.lproj/InfoPlist.strings /Users/runner/work/Ultra_Translation/Ultra_Translation/TranslateApp/zh-Hans.lproj/InfoPlist.strings (in target 'TranslateApp' from project 'TranslateApp')
    cd /Users/runner/work/Ultra_Translation/Ultra_Translation
    builtin-copyStrings --validate --outputencoding binary --outfilename InfoPlist.strings --outdir /Users/runner/Library/Developer/Xcode/DerivedData/TranslateApp-dhxlwmsysdlfcpeksaunblwbmept/Build/Intermediates.noindex/ArchiveIntermediates/TranslateApp/InstallationBuildProductsLocation/Applications/TranslateApp.app/zh-Hans.lproj -- /Users/runner/work/Ultra_Translation/Ultra_Translation/TranslateApp/zh-Hans.lproj/InfoPlist.strings
/Users/runner/work/Ultra_Translation/Ultra_Translation/TranslateApp/zh-Hans.lproj/InfoPlist.strings:1:1: note: detected encoding of input file as Unicode (UTF-8) (in target 'TranslateApp' from project 'TranslateApp')

CopyStringsFile /Users/runner/Library/Developer/Xcode/DerivedData/TranslateApp-dhxlwmsysdlfcpeksaunblwbmept/Build/Intermediates.noindex/ArchiveIntermediates/TranslateApp/InstallationBuildProductsLocation/Applications/TranslateApp.app/en.lproj/Localizable.strings /Users/runner/work/Ultra_Translation/Ultra_Translation/TranslateApp/en.lproj/Localizable.strings (in target 'TranslateApp' from project 'TranslateApp')
    cd /Users/runner/work/Ultra_Translation/Ultra_Translation
    builtin-copyStrings --validate --outputencoding binary --outfilename Localizable.strings --outdir /Users/runner/Library/Developer/Xcode/DerivedData/TranslateApp-dhxlwmsysdlfcpeksaunblwbmept/Build/Intermediates.noindex/ArchiveIntermediates/TranslateApp/InstallationBuildProductsLocation/Applications/TranslateApp.app/en.lproj -- /Users/runner/work/Ultra_Translation/Ultra_Translation/TranslateApp/en.lproj/Localizable.strings
/Users/runner/work/Ultra_Translation/Ultra_Translation/TranslateApp/en.lproj/Localizable.strings:1:1: note: detected encoding of input file as Unicode (UTF-8) (in target 'TranslateApp' from project 'TranslateApp')

CopyStringsFile /Users/runner/Library/Developer/Xcode/DerivedData/TranslateApp-dhxlwmsysdlfcpeksaunblwbmept/Build/Intermediates.noindex/ArchiveIntermediates/TranslateApp/InstallationBuildProductsLocation/Applications/TranslateApp.app/en.lproj/InfoPlist.strings /Users/runner/work/Ultra_Translation/Ultra_Translation/TranslateApp/en.lproj/InfoPlist.strings (in target 'TranslateApp' from project 'TranslateApp')
    cd /Users/runner/work/Ultra_Translation/Ultra_Translation
    builtin-copyStrings --validate --outputencoding binary --outfilename InfoPlist.strings --outdir /Users/runner/Library/Developer/Xcode/DerivedData/TranslateApp-dhxlwmsysdlfcpeksaunblwbmept/Build/Intermediates.noindex/ArchiveIntermediates/TranslateApp/InstallationBuildProductsLocation/Applications/TranslateApp.app/en.lproj -- /Users/runner/work/Ultra_Translation/Ultra_Translation/TranslateApp/en.lproj/InfoPlist.strings
/Users/runner/work/Ultra_Translation/Ultra_Translation/TranslateApp/en.lproj/InfoPlist.strings:1:1: note: detected encoding of input file as Unicode (UTF-8) (in target 'TranslateApp' from project 'TranslateApp')

CompileAssetCatalogVariant thinned /Users/runner/Library/Developer/Xcode/DerivedData/TranslateApp-dhxlwmsysdlfcpeksaunblwbmept/Build/Intermediates.noindex/ArchiveIntermediates/TranslateApp/InstallationBuildProductsLocation/Applications/TranslateApp.app /Users/runner/work/Ultra_Translation/Ultra_Translation/TranslateApp/Resources/Assets.xcassets (in target 'TranslateApp' from project 'TranslateApp')
    cd /Users/runner/work/Ultra_Translation/Ultra_Translation
    /Applications/Xcode_26.3.app/Contents/Developer/usr/bin/actool /Users/runner/work/Ultra_Translation/Ultra_Translation/TranslateApp/Resources/Assets.xcassets --compile /Users/runner/Library/Developer/Xcode/DerivedData/TranslateApp-dhxlwmsysdlfcpeksaunblwbmept/Build/Intermediates.noindex/ArchiveIntermediates/TranslateApp/IntermediateBuildFilesPath/TranslateApp.build/Release-iphoneos/TranslateApp.build/assetcatalog_output/thinned --output-format human-readable-text --notices --warnings --export-dependency-info /Users/runner/Library/Developer/Xcode/DerivedData/TranslateApp-dhxlwmsysdlfcpeksaunblwbmept/Build/Intermediates.noindex/ArchiveIntermediates/TranslateApp/IntermediateBuildFilesPath/TranslateApp.build/Release-iphoneos/TranslateApp.build/assetcatalog_dependencies_thinned --output-partial-info-plist /Users/runner/Library/Developer/Xcode/DerivedData/TranslateApp-dhxlwmsysdlfcpeksaunblwbmept/Build/Intermediates.noindex/ArchiveIntermediates/TranslateApp/IntermediateBuildFilesPath/TranslateApp.build/Release-iphoneos/TranslateApp.build/assetcatalog_generated_info.plist_thinned --app-icon AppIcon --include-all-app-icons --compress-pngs --enable-on-demand-resources YES --development-region en --target-device iphone --minimum-deployment-target 16.0 --platform iphoneos
/* com.apple.actool.compilation-results */
/Users/runner/Library/Developer/Xcode/DerivedData/TranslateApp-dhxlwmsysdlfcpeksaunblwbmept/Build/Intermediates.noindex/ArchiveIntermediates/TranslateApp/IntermediateBuildFilesPath/TranslateApp.build/Release-iphoneos/TranslateApp.build/assetcatalog_generated_info.plist_thinned
/Users/runner/Library/Developer/Xcode/DerivedData/TranslateApp-dhxlwmsysdlfcpeksaunblwbmept/Build/Intermediates.noindex/ArchiveIntermediates/TranslateApp/IntermediateBuildFilesPath/TranslateApp.build/Release-iphoneos/TranslateApp.build/assetcatalog_output/thinned/AppIcon60x60@2x.png
/Users/runner/Library/Developer/Xcode/DerivedData/TranslateApp-dhxlwmsysdlfcpeksaunblwbmept/Build/Intermediates.noindex/ArchiveIntermediates/TranslateApp/IntermediateBuildFilesPath/TranslateApp.build/Release-iphoneos/TranslateApp.build/assetcatalog_output/thinned/AppIcon76x76@2x~ipad.png
/Users/runner/Library/Developer/Xcode/DerivedData/TranslateApp-dhxlwmsysdlfcpeksaunblwbmept/Build/Intermediates.noindex/ArchiveIntermediates/TranslateApp/IntermediateBuildFilesPath/TranslateApp.build/Release-iphoneos/TranslateApp.build/assetcatalog_output/thinned/Assets.car


SwiftDriver TranslateApp normal arm64 com.apple.xcode.tools.swift.compiler (in target 'TranslateApp' from project 'TranslateApp')
    cd /Users/runner/work/Ultra_Translation/Ultra_Translation
    builtin-SwiftDriver -- /Applications/Xcode_26.3.app/Contents/Developer/Toolchains/XcodeDefault.xctoolchain/usr/bin/swiftc -module-name TranslateApp -O -whole-module-optimization -enforce-exclusivity\=checked @/Users/runner/Library/Developer/Xcode/DerivedData/TranslateApp-dhxlwmsysdlfcpeksaunblwbmept/Build/Intermediates.noindex/ArchiveIntermediates/TranslateApp/IntermediateBuildFilesPath/TranslateApp.build/Release-iphoneos/TranslateApp.build/Objects-normal/arm64/TranslateApp.SwiftFileList -D COCOAPODS -enable-bare-slash-regex -enable-experimental-feature DebugDescriptionMacro -sdk /Applications/Xcode_26.3.app/Contents/Developer/Platforms/iPhoneOS.platform/Developer/SDKs/iPhoneOS26.2.sdk -target arm64-apple-ios16.0 -g -module-cache-path /Users/runner/Library/Developer/Xcode/DerivedData/ModuleCache.noindex -Xfrontend -serialize-debugging-options -swift-version 5 -I /Users/runner/Library/Developer/Xcode/DerivedData/TranslateApp-dhxlwmsysdlfcpeksaunblwbmept/Build/Intermediates.noindex/ArchiveIntermediates/TranslateApp/BuildProductsPath/Release-iphoneos -F /Users/runner/Library/Developer/Xcode/DerivedData/TranslateApp-dhxlwmsysdlfcpeksaunblwbmept/Build/Intermediates.noindex/ArchiveIntermediates/TranslateApp/BuildProductsPath/Release-iphoneos -F /Users/runner/Library/Developer/Xcode/DerivedData/TranslateApp-dhxlwmsysdlfcpeksaunblwbmept/Build/Intermediates.noindex/ArchiveIntermediates/TranslateApp/BuildProductsPath/Release-iphoneos/GTMSessionFetcher -F /Users/runner/Library/Developer/Xcode/DerivedData/TranslateApp-dhxlwmsysdlfcpeksaunblwbmept/Build/Intermediates.noindex/ArchiveIntermediates/TranslateApp/BuildProductsPath/Release-iphoneos/GoogleDataTransport -F /Users/runner/Library/Developer/Xcode/DerivedData/TranslateApp-dhxlwmsysdlfcpeksaunblwbmept/Build/Intermediates.noindex/ArchiveIntermediates/TranslateApp/BuildProductsPath/Release-iphoneos/GoogleToolboxForMac -F /Users/runner/Library/Developer/Xcode/DerivedData/TranslateApp-dhxlwmsysdlfcpeksaunblwbmept/Build/Intermediates.noindex/ArchiveIntermediates/TranslateApp/BuildProductsPath/Release-iphoneos/GoogleUtilities -F /Users/runner/Library/Developer/Xcode/DerivedData/TranslateApp-dhxlwmsysdlfcpeksaunblwbmept/Build/Intermediates.noindex/ArchiveIntermediates/TranslateApp/BuildProductsPath/Release-iphoneos/PromisesObjC -F /Users/runner/Library/Developer/Xcode/DerivedData/TranslateApp-dhxlwmsysdlfcpeksaunblwbmept/Build/Intermediates.noindex/ArchiveIntermediates/TranslateApp/BuildProductsPath/Release-iphoneos/SSZipArchive -F /Users/runner/Library/Developer/Xcode/DerivedData/TranslateApp-dhxlwmsysdlfcpeksaunblwbmept/Build/Intermediates.noindex/ArchiveIntermediates/TranslateApp/BuildProductsPath/Release-iphoneos/SubscriptionKit -F /Users/runner/Library/Developer/Xcode/DerivedData/TranslateApp-dhxlwmsysdlfcpeksaunblwbmept/Build/Intermediates.noindex/ArchiveIntermediates/TranslateApp/BuildProductsPath/Release-iphoneos/nanopb -F /Users/runner/work/Ultra_Translation/Ultra_Translation/Pods/MLKitCommon/Frameworks -F /Users/runner/work/Ultra_Translation/Ultra_Translation/Pods/MLKitNaturalLanguage/Frameworks -F /Users/runner/work/Ultra_Translation/Ultra_Translation/Pods/MLKitTranslate/Frameworks -F /Users/runner/work/Ultra_Translation/Ultra_Translation/Pods/UMCommon/UMCommon_7.5.11 -F /Users/runner/work/Ultra_Translation/Ultra_Translation/Pods/UMDevice/UMDevice_3.6.0 -F /Users/runner/Library/Developer/Xcode/DerivedData/TranslateApp-dhxlwmsysdlfcpeksaunblwbmept/Build/Intermediates.noindex/ArchiveIntermediates/TranslateApp/BuildProductsPath/Release-iphoneos/XCFrameworkIntermediates/UMCommon -F /Users/runner/Library/Developer/Xcode/DerivedData/TranslateApp-dhxlwmsysdlfcpeksaunblwbmept/Build/Intermediates.noindex/ArchiveIntermediates/TranslateApp/BuildProductsPath/Release-iphoneos/XCFrameworkIntermediates/UMDevice -c -num-threads 3 -Xcc -ivfsstatcache -Xcc /Users/runner/Library/Developer/Xcode/DerivedData/SDKStatCaches.noindex/iphoneos26.2-23C57-dc75598d0054f22ec865fa860f139d722dd23b4ebda140f7210d155ff1243552.sdkstatcache -output-file-map /Users/runner/Library/Developer/Xcode/DerivedData/TranslateApp-dhxlwmsysdlfcpeksaunblwbmept/Build/Intermediates.noindex/ArchiveIntermediates/TranslateApp/IntermediateBuildFilesPath/TranslateApp.build/Release-iphoneos/TranslateApp.build/Objects-normal/arm64/TranslateApp-OutputFileMap.json -use-frontend-parseable-output -save-temps -no-color-diagnostics -serialize-diagnostics -emit-dependencies -emit-module -emit-module-path /Users/runner/Library/Developer/Xcode/DerivedData/TranslateApp-dhxlwmsysdlfcpeksaunblwbmept/Build/Intermediates.noindex/ArchiveIntermediates/TranslateApp/IntermediateBuildFilesPath/TranslateApp.build/Release-iphoneos/TranslateApp.build/Objects-normal/arm64/TranslateApp.swiftmodule -validate-clang-modules-once -clang-build-session-file /Users/runner/Library/Developer/Xcode/DerivedData/ModuleCache.noindex/Session.modulevalidation -Xcc -I/Users/runner/Library/Developer/Xcode/DerivedData/TranslateApp-dhxlwmsysdlfcpeksaunblwbmept/Build/Intermediates.noindex/ArchiveIntermediates/TranslateApp/IntermediateBuildFilesPath/TranslateApp.build/Release-iphoneos/TranslateApp.build/swift-overrides.hmap -emit-const-values -Xfrontend -const-gather-protocols-file -Xfrontend /Users/runner/Library/Developer/Xcode/DerivedData/TranslateApp-dhxlwmsysdlfcpeksaunblwbmept/Build/Intermediates.noindex/ArchiveIntermediates/TranslateApp/IntermediateBuildFilesPath/TranslateApp.build/Release-iphoneos/TranslateApp.build/Objects-normal/arm64/TranslateApp_const_extract_protocols.json -Xcc -iquote -Xcc /Users/runner/Library/Developer/Xcode/DerivedData/TranslateApp-dhxlwmsysdlfcpeksaunblwbmept/Build/Intermediates.noindex/ArchiveIntermediates/TranslateApp/IntermediateBuildFilesPath/TranslateApp.build/Release-iphoneos/TranslateApp.build/TranslateApp-generated-files.hmap -Xcc -I/Users/runner/Library/Developer/Xcode/DerivedData/TranslateApp-dhxlwmsysdlfcpeksaunblwbmept/Build/Intermediates.noindex/ArchiveIntermediates/TranslateApp/IntermediateBuildFilesPath/TranslateApp.build/Release-iphoneos/TranslateApp.build/TranslateApp-own-target-headers.hmap -Xcc -I/Users/runner/Library/Developer/Xcode/DerivedData/TranslateApp-dhxlwmsysdlfcpeksaunblwbmept/Build/Intermediates.noindex/ArchiveIntermediates/TranslateApp/IntermediateBuildFilesPath/TranslateApp.build/Release-iphoneos/TranslateApp.build/TranslateApp-all-target-headers.hmap -Xcc -iquote -Xcc /Users/runner/Library/Developer/Xcode/DerivedData/TranslateApp-dhxlwmsysdlfcpeksaunblwbmept/Build/Intermediates.noindex/ArchiveIntermediates/TranslateApp/IntermediateBuildFilesPath/TranslateApp.build/Release-iphoneos/TranslateApp.build/TranslateApp-project-headers.hmap -Xcc -I/Users/runner/Library/Developer/Xcode/DerivedData/TranslateApp-dhxlwmsysdlfcpeksaunblwbmept/Build/Intermediates.noindex/ArchiveIntermediates/TranslateApp/BuildProductsPath/Release-iphoneos/include -Xcc -I/Users/runner/Library/Developer/Xcode/DerivedData/TranslateApp-dhxlwmsysdlfcpeksaunblwbmept/Build/Intermediates.noindex/ArchiveIntermediates/TranslateApp/BuildProductsPath/Release-iphoneos/GTMSessionFetcher/GTMSessionFetcher.framework/Headers -Xcc -I/Users/runner/Library/Developer/Xcode/DerivedData/TranslateApp-dhxlwmsysdlfcpeksaunblwbmept/Build/Intermediates.noindex/ArchiveIntermediates/TranslateApp/BuildProductsPath/Release-iphoneos/GoogleDataTransport/GoogleDataTransport.framework/Headers -Xcc -I/Users/runner/Library/Developer/Xcode/DerivedData/TranslateApp-dhxlwmsysdlfcpeksaunblwbmept/Build/Intermediates.noindex/ArchiveIntermediates/TranslateApp/BuildProductsPath/Release-iphoneos/GoogleToolboxForMac/GoogleToolboxForMac.framework/Headers -Xcc -I/Users/runner/Library/Developer/Xcode/DerivedData/TranslateApp-dhxlwmsysdlfcpeksaunblwbmept/Build/Intermediates.noindex/ArchiveIntermediates/TranslateApp/BuildProductsPath/Release-iphoneos/GoogleUtilities/GoogleUtilities.framework/Headers -Xcc -I/Users/runner/Library/Developer/Xcode/DerivedData/TranslateApp-dhxlwmsysdlfcpeksaunblwbmept/Build/Intermediates.noindex/ArchiveIntermediates/TranslateApp/BuildProductsPath/Release-iphoneos/PromisesObjC/FBLPromises.framework/Headers -Xcc -I/Users/runner/Library/Developer/Xcode/DerivedData/TranslateApp-dhxlwmsysdlfcpeksaunblwbmept/Build/Intermediates.noindex/ArchiveIntermediates/TranslateApp/BuildProductsPath/Release-iphoneos/SSZipArchive/SSZipArchive.framework/Headers -Xcc -I/Users/runner/Library/Developer/Xcode/DerivedData/TranslateApp-dhxlwmsysdlfcpeksaunblwbmept/Build/Intermediates.noindex/ArchiveIntermediates/TranslateApp/BuildProductsPath/Release-iphoneos/SubscriptionKit/SubscriptionKit.framework/Headers -Xcc -I/Users/runner/Library/Developer/Xcode/DerivedData/TranslateApp-dhxlwmsysdlfcpeksaunblwbmept/Build/Intermediates.noindex/ArchiveIntermediates/TranslateApp/BuildProductsPath/Release-iphoneos/nanopb/nanopb.framework/Headers -Xcc -I/Users/runner/work/Ultra_Translation/Ultra_Translation/Pods/Headers/Public -Xcc -I/Users/runner/work/Ultra_Translation/Ultra_Translation/Pods/Headers/Public/GoogleMLKit -Xcc -I/Users/runner/work/Ultra_Translation/Ultra_Translation/Pods/GoogleMLKit/MLKitCore/Sources -Xcc -I/Users/runner/Library/Developer/Xcode/DerivedData/TranslateApp-dhxlwmsysdlfcpeksaunblwbmept/Build/Intermediates.noindex/ArchiveIntermediates/TranslateApp/IntermediateBuildFilesPath/TranslateApp.build/Release-iphoneos/TranslateApp.build/DerivedSources-normal/arm64 -Xcc -I/Users/runner/Library/Developer/Xcode/DerivedData/TranslateApp-dhxlwmsysdlfcpeksaunblwbmept/Build/Intermediates.noindex/ArchiveIntermediates/TranslateApp/IntermediateBuildFilesPath/TranslateApp.build/Release-iphoneos/TranslateApp.build/DerivedSources/arm64 -Xcc -I/Users/runner/Library/Developer/Xcode/DerivedData/TranslateApp-dhxlwmsysdlfcpeksaunblwbmept/Build/Intermediates.noindex/ArchiveIntermediates/TranslateApp/IntermediateBuildFilesPath/TranslateApp.build/Release-iphoneos/TranslateApp.build/DerivedSources -Xcc -DCOCOAPODS\=1 -Xcc -DPB_FIELD_32BIT\=1 -Xcc -DPB_NO_PACKED_STRUCTS\=1 -Xcc -DPB_ENABLE_MALLOC\=1 -emit-objc-header -emit-objc-header-path /Users/runner/Library/Developer/Xcode/DerivedData/TranslateApp-dhxlwmsysdlfcpeksaunblwbmept/Build/Intermediates.noindex/ArchiveIntermediates/TranslateApp/IntermediateBuildFilesPath/TranslateApp.build/Release-iphoneos/TranslateApp.build/Objects-normal/arm64/TranslateApp-Swift.h -working-directory /Users/runner/work/Ultra_Translation/Ultra_Translation -no-emit-module-separately-wmo

SwiftCompile normal arm64 Compiling\ AboutView.swift,\ AppColors.swift,\ AppFonts.swift,\ AppInfo.swift,\ AppModels.swift,\ AppReviewPromptCoordinator.swift,\ AppRouter.swift,\ AppSpacing.swift,\ AppleTranslationBridge.swift,\ AppleTranslationHostView.swift,\ Color+Hex.swift,\ ConversationHistoryDetailView.swift,\ ConversationView.swift,\ DataManagementView.swift,\ DeveloperDebugView.swift,\ EmptyStateView.swift,\ FillImage.swift,\ Haptics.swift,\ HomeInputAssistants.swift,\ IconView.swift,\ L2NavBar.swift,\ LanguageSelectionSheet.swift,\ LibraryView.swift,\ MainTabView.swift,\ MockData.swift,\ ModelManagementView.swift,\ ModelSelectionSheet.swift,\ OCRResultView.swift,\ OfflineManagementView.swift,\ OfflineTranslationService.swift,\ OnboardingView.swift,\ PaywallView.swift,\ PhotoHistoryDetailView.swift,\ PhotoView.swift,\ PrimaryButton.swift,\ PrivacyAgreementView.swift,\ RecommendedAppsView.swift,\ RootView.swift,\ SettingsView.swift,\ SplashView.swift,\ ToastView.swift,\ TranslateApp.swift,\ TranslateDetailView.swift,\ TranslateHomeView.swift,\ TranslationStore.swift,\ VIPBannerView.swift,\ View+Keyboard.swift,\ GeneratedAssetSymbols.swift /Users/runner/work/Ultra_Translation/Ultra_Translation/TranslateApp/Modules/Settings/AboutView.swift /Users/runner/work/Ultra_Translation/Ultra_Translation/TranslateApp/Presentation/Theme/AppColors.swift /Users/runner/work/Ultra_Translation/Ultra_Translation/TranslateApp/Presentation/Theme/AppFonts.swift /Users/runner/work/Ultra_Translation/Ultra_Translation/TranslateApp/Infrastructure/Helpers/AppInfo.swift /Users/runner/work/Ultra_Translation/Ultra_Translation/TranslateApp/Domain/AppModels.swift /Users/runner/work/Ultra_Translation/Ultra_Translation/TranslateApp/Infrastructure/Helpers/AppReviewPromptCoordinator.swift /Users/runner/work/Ultra_Translation/Ultra_Translation/TranslateApp/App/Router/AppRouter.swift /Users/runner/work/Ultra_Translation/Ultra_Translation/TranslateApp/Presentation/Theme/AppSpacing.swift /Users/runner/work/Ultra_Translation/Ultra_Translation/TranslateApp/Data/AppleTranslationBridge.swift /Users/runner/work/Ultra_Translation/Ultra_Translation/TranslateApp/Presentation/Host/AppleTranslationHostView.swift /Users/runner/work/Ultra_Translation/Ultra_Translation/TranslateApp/Infrastructure/Extensions/Color+Hex.swift /Users/runner/work/Ultra_Translation/Ultra_Translation/TranslateApp/Modules/Conversation/ConversationHistoryDetailView.swift /Users/runner/work/Ultra_Translation/Ultra_Translation/TranslateApp/Modules/Conversation/ConversationView.swift /Users/runner/work/Ultra_Translation/Ultra_Translation/TranslateApp/Modules/Settings/DataManagementView.swift /Users/runner/work/Ultra_Translation/Ultra_Translation/TranslateApp/Modules/Settings/DeveloperDebugView.swift /Users/runner/work/Ultra_Translation/Ultra_Translation/TranslateApp/Presentation/Components/EmptyStateView.swift /Users/runner/work/Ultra_Translation/Ultra_Translation/TranslateApp/Presentation/Components/FillImage.swift /Users/runner/work/Ultra_Translation/Ultra_Translation/TranslateApp/Infrastructure/Helpers/Haptics.swift /Users/runner/work/Ultra_Translation/Ultra_Translation/TranslateApp/Modules/Translate/HomeInputAssistants.swift /Users/runner/work/Ultra_Translation/Ultra_Translation/TranslateApp/Presentation/Components/IconView.swift /Users/runner/work/Ultra_Translation/Ultra_Translation/TranslateApp/Presentation/Components/L2NavBar.swift /Users/runner/work/Ultra_Translation/Ultra_Translation/TranslateApp/Presentation/Components/LanguageSelectionSheet.swift /Users/runner/work/Ultra_Translation/Ultra_Translation/TranslateApp/Modules/Library/LibraryView.swift /Users/runner/work/Ultra_Translation/Ultra_Translation/TranslateApp/App/MainTabView.swift /Users/runner/work/Ultra_Translation/Ultra_Translation/TranslateApp/Data/MockData.swift /Users/runner/work/Ultra_Translation/Ultra_Translation/TranslateApp/Modules/Settings/ModelManagementView.swift /Users/runner/work/Ultra_Translation/Ultra_Translation/TranslateApp/Presentation/Components/ModelSelectionSheet.swift /Users/runner/work/Ultra_Translation/Ultra_Translation/TranslateApp/Modules/Photo/OCRResultView.swift /Users/runner/work/Ultra_Translation/Ultra_Translation/TranslateApp/Modules/Settings/OfflineManagementView.swift /Users/runner/work/Ultra_Translation/Ultra_Translation/TranslateApp/Data/OfflineTranslationService.swift /Users/runner/work/Ultra_Translation/Ultra_Translation/TranslateApp/Modules/Launch/OnboardingView.swift /Users/runner/work/Ultra_Translation/Ultra_Translation/TranslateApp/Modules/Paywall/PaywallView.swift /Users/runner/work/Ultra_Translation/Ultra_Translation/TranslateApp/Modules/Photo/PhotoHistoryDetailView.swift /Users/runner/work/Ultra_Translation/Ultra_Translation/TranslateApp/Modules/Photo/PhotoView.swift /Users/runner/work/Ultra_Translation/Ultra_Translation/TranslateApp/Presentation/Components/PrimaryButton.swift /Users/runner/work/Ultra_Translation/Ultra_Translation/TranslateApp/Modules/Settings/PrivacyAgreementView.swift /Users/runner/work/Ultra_Translation/Ultra_Translation/TranslateApp/Presentation/Components/RecommendedAppsView.swift /Users/runner/work/Ultra_Translation/Ultra_Translation/TranslateApp/App/RootView.swift /Users/runner/work/Ultra_Translation/Ultra_Translation/TranslateApp/Modules/Settings/SettingsView.swift /Users/runner/work/Ultra_Translation/Ultra_Translation/TranslateApp/Modules/Launch/SplashView.swift /Users/runner/work/Ultra_Translation/Ultra_Translation/TranslateApp/Presentation/Components/ToastView.swift /Users/runner/work/Ultra_Translation/Ultra_Translation/TranslateApp/App/TranslateApp.swift /Users/runner/work/Ultra_Translation/Ultra_Translation/TranslateApp/Modules/Translate/TranslateDetailView.swift /Users/runner/work/Ultra_Translation/Ultra_Translation/TranslateApp/Modules/Translate/TranslateHomeView.swift /Users/runner/work/Ultra_Translation/Ultra_Translation/TranslateApp/Data/TranslationStore.swift /Users/runner/work/Ultra_Translation/Ultra_Translation/TranslateApp/Presentation/Components/VIPBannerView.swift /Users/runner/work/Ultra_Translation/Ultra_Translation/TranslateApp/Infrastructure/Extensions/View+Keyboard.swift /Users/runner/Library/Developer/Xcode/DerivedData/TranslateApp-dhxlwmsysdlfcpeksaunblwbmept/Build/Intermediates.noindex/ArchiveIntermediates/TranslateApp/IntermediateBuildFilesPath/TranslateApp.build/Release-iphoneos/TranslateApp.build/DerivedSources/GeneratedAssetSymbols.swift (in target 'TranslateApp' from project 'TranslateApp')
CompileSwift normal arm64 (in target 'TranslateApp' from project 'TranslateApp')
    cd /Users/runner/work/Ultra_Translation/Ultra_Translation
    
/Users/runner/work/Ultra_Translation/Ultra_Translation/TranslateApp/Modules/Settings/AboutView.swift:10:8: error: no such module 'SubscriptionKit'
import SubscriptionKit
       ^

Failed frontend command:
/Applications/Xcode_26.3.app/Contents/Developer/Toolchains/XcodeDefault.xctoolchain/usr/bin/swift-frontend -frontend -c /Users/runner/work/Ultra_Translation/Ultra_Translation/TranslateApp/Modules/Settings/AboutView.swift /Users/runner/work/Ultra_Translation/Ultra_Translation/TranslateApp/Presentation/Theme/AppColors.swift /Users/runner/work/Ultra_Translation/Ultra_Translation/TranslateApp/Presentation/Theme/AppFonts.swift /Users/runner/work/Ultra_Translation/Ultra_Translation/TranslateApp/Infrastructure/Helpers/AppInfo.swift /Users/runner/work/Ultra_Translation/Ultra_Translation/TranslateApp/Domain/AppModels.swift /Users/runner/work/Ultra_Translation/Ultra_Translation/TranslateApp/Infrastructure/Helpers/AppReviewPromptCoordinator.swift /Users/runner/work/Ultra_Translation/Ultra_Translation/TranslateApp/App/Router/AppRouter.swift /Users/runner/work/Ultra_Translation/Ultra_Translation/TranslateApp/Presentation/Theme/AppSpacing.swift /Users/runner/work/Ultra_Translation/Ultra_Translation/TranslateApp/Data/AppleTranslationBridge.swift /Users/runner/work/Ultra_Translation/Ultra_Translation/TranslateApp/Presentation/Host/AppleTranslationHostView.swift /Users/runner/work/Ultra_Translation/Ultra_Translation/TranslateApp/Infrastructure/Extensions/Color+Hex.swift /Users/runner/work/Ultra_Translation/Ultra_Translation/TranslateApp/Modules/Conversation/ConversationHistoryDetailView.swift /Users/runner/work/Ultra_Translation/Ultra_Translation/TranslateApp/Modules/Conversation/ConversationView.swift /Users/runner/work/Ultra_Translation/Ultra_Translation/TranslateApp/Modules/Settings/DataManagementView.swift /Users/runner/work/Ultra_Translation/Ultra_Translation/TranslateApp/Modules/Settings/DeveloperDebugView.swift /Users/runner/work/Ultra_Translation/Ultra_Translation/TranslateApp/Presentation/Components/EmptyStateView.swift /Users/runner/work/Ultra_Translation/Ultra_Translation/TranslateApp/Presentation/Components/FillImage.swift /Users/runner/work/Ultra_Translation/Ultra_Translation/TranslateApp/Infrastructure/Helpers/Haptics.swift /Users/runner/work/Ultra_Translation/Ultra_Translation/TranslateApp/Modules/Translate/HomeInputAssistants.swift /Users/runner/work/Ultra_Translation/Ultra_Translation/TranslateApp/Presentation/Components/IconView.swift /Users/runner/work/Ultra_Translation/Ultra_Translation/TranslateApp/Presentation/Components/L2NavBar.swift /Users/runner/work/Ultra_Translation/Ultra_Translation/TranslateApp/Presentation/Components/LanguageSelectionSheet.swift /Users/runner/work/Ultra_Translation/Ultra_Translation/TranslateApp/Modules/Library/LibraryView.swift /Users/runner/work/Ultra_Translation/Ultra_Translation/TranslateApp/App/MainTabView.swift /Users/runner/work/Ultra_Translation/Ultra_Translation/TranslateApp/Data/MockData.swift /Users/runner/work/Ultra_Translation/Ultra_Translation/TranslateApp/Modules/Settings/ModelManagementView.swift /Users/runner/work/Ultra_Translation/Ultra_Translation/TranslateApp/Presentation/Components/ModelSelectionSheet.swift /Users/runner/work/Ultra_Translation/Ultra_Translation/TranslateApp/Modules/Photo/OCRResultView.swift /Users/runner/work/Ultra_Translation/Ultra_Translation/TranslateApp/Modules/Settings/OfflineManagementView.swift /Users/runner/work/Ultra_Translation/Ultra_Translation/TranslateApp/Data/OfflineTranslationService.swift /Users/runner/work/Ultra_Translation/Ultra_Translation/TranslateApp/Modules/Launch/OnboardingView.swift /Users/runner/work/Ultra_Translation/Ultra_Translation/TranslateApp/Modules/Paywall/PaywallView.swift /Users/runner/work/Ultra_Translation/Ultra_Translation/TranslateApp/Modules/Photo/PhotoHistoryDetailView.swift /Users/runner/work/Ultra_Translation/Ultra_Translation/TranslateApp/Modules/Photo/PhotoView.swift /Users/runner/work/Ultra_Translation/Ultra_Translation/TranslateApp/Presentation/Components/PrimaryButton.swift /Users/runner/work/Ultra_Translation/Ultra_Translation/TranslateApp/Modules/Settings/PrivacyAgreementView.swift /Users/runner/work/Ultra_Translation/Ultra_Translation/TranslateApp/Presentation/Components/RecommendedAppsView.swift /Users/runner/work/Ultra_Translation/Ultra_Translation/TranslateApp/App/RootView.swift /Users/runner/work/Ultra_Translation/Ultra_Translation/TranslateApp/Modules/Settings/SettingsView.swift /Users/runner/work/Ultra_Translation/Ultra_Translation/TranslateApp/Modules/Launch/SplashView.swift /Users/runner/work/Ultra_Translation/Ultra_Translation/TranslateApp/Presentation/Components/ToastView.swift /Users/runner/work/Ultra_Translation/Ultra_Translation/TranslateApp/App/TranslateApp.swift /Users/runner/work/Ultra_Translation/Ultra_Translation/TranslateApp/Modules/Translate/TranslateDetailView.swift /Users/runner/work/Ultra_Translation/Ultra_Translation/TranslateApp/Modules/Translate/TranslateHomeView.swift /Users/runner/work/Ultra_Translation/Ultra_Translation/TranslateApp/Data/TranslationStore.swift /Users/runner/work/Ultra_Translation/Ultra_Translation/TranslateApp/Presentation/Components/VIPBannerView.swift /Users/runner/work/Ultra_Translation/Ultra_Translation/TranslateApp/Infrastructure/Extensions/View+Keyboard.swift /Users/runner/Library/Developer/Xcode/DerivedData/TranslateApp-dhxlwmsysdlfcpeksaunblwbmept/Build/Intermediates.noindex/ArchiveIntermediates/TranslateApp/IntermediateBuildFilesPath/TranslateApp.build/Release-iphoneos/TranslateApp.build/DerivedSources/GeneratedAssetSymbols.swift -supplementary-output-file-map /Users/runner/Library/Developer/Xcode/DerivedData/TranslateApp-dhxlwmsysdlfcpeksaunblwbmept/Build/Intermediates.noindex/ArchiveIntermediates/TranslateApp/IntermediateBuildFilesPath/TranslateApp.build/Release-iphoneos/TranslateApp.build/Objects-normal/arm64/supplementaryOutputs-1 -target arm64-apple-ios16.0 -Xllvm -aarch64-use-tbi -enable-objc-interop -stack-check -sdk /Applications/Xcode_26.3.app/Contents/Developer/Platforms/iPhoneOS.platform/Developer/SDKs/iPhoneOS26.2.sdk -I /Users/runner/Library/Developer/Xcode/DerivedData/TranslateApp-dhxlwmsysdlfcpeksaunblwbmept/Build/Intermediates.noindex/ArchiveIntermediates/TranslateApp/BuildProductsPath/Release-iphoneos -F /Users/runner/Library/Developer/Xcode/DerivedData/TranslateApp-dhxlwmsysdlfcpeksaunblwbmept/Build/Intermediates.noindex/ArchiveIntermediates/TranslateApp/BuildProductsPath/Release-iphoneos -F /Users/runner/Library/Developer/Xcode/DerivedData/TranslateApp-dhxlwmsysdlfcpeksaunblwbmept/Build/Intermediates.noindex/ArchiveIntermediates/TranslateApp/BuildProductsPath/Release-iphoneos/GTMSessionFetcher -F /Users/runner/Library/Developer/Xcode/DerivedData/TranslateApp-dhxlwmsysdlfcpeksaunblwbmept/Build/Intermediates.noindex/ArchiveIntermediates/TranslateApp/BuildProductsPath/Release-iphoneos/GoogleDataTransport -F /Users/runner/Library/Developer/Xcode/DerivedData/TranslateApp-dhxlwmsysdlfcpeksaunblwbmept/Build/Intermediates.noindex/ArchiveIntermediates/TranslateApp/BuildProductsPath/Release-iphoneos/GoogleToolboxForMac -F /Users/runner/Library/Developer/Xcode/DerivedData/TranslateApp-dhxlwmsysdlfcpeksaunblwbmept/Build/Intermediates.noindex/ArchiveIntermediates/TranslateApp/BuildProductsPath/Release-iphoneos/GoogleUtilities -F /Users/runner/Library/Developer/Xcode/DerivedData/TranslateApp-dhxlwmsysdlfcpeksaunblwbmept/Build/Intermediates.noindex/ArchiveIntermediates/TranslateApp/BuildProductsPath/Release-iphoneos/PromisesObjC -F /Users/runner/Library/Developer/Xcode/DerivedData/TranslateApp-dhxlwmsysdlfcpeksaunblwbmept/Build/Intermediates.noindex/ArchiveIntermediates/TranslateApp/BuildProductsPath/Release-iphoneos/SSZipArchive -F /Users/runner/Library/Developer/Xcode/DerivedData/TranslateApp-dhxlwmsysdlfcpeksaunblwbmept/Build/Intermediates.noindex/ArchiveIntermediates/TranslateApp/BuildProductsPath/Release-iphoneos/SubscriptionKit -F /Users/runner/Library/Developer/Xcode/DerivedData/TranslateApp-dhxlwmsysdlfcpeksaunblwbmept/Build/Intermediates.noindex/ArchiveIntermediates/TranslateApp/BuildProductsPath/Release-iphoneos/nanopb -F /Users/runner/work/Ultra_Translation/Ultra_Translation/Pods/MLKitCommon/Frameworks -F /Users/runner/work/Ultra_Translation/Ultra_Translation/Pods/MLKitNaturalLanguage/Frameworks -F /Users/runner/work/Ultra_Translation/Ultra_Translation/Pods/MLKitTranslate/Frameworks -F /Users/runner/work/Ultra_Translation/Ultra_Translation/Pods/UMCommon/UMCommon_7.5.11 -F /Users/runner/work/Ultra_Translation/Ultra_Translation/Pods/UMDevice/UMDevice_3.6.0 -F /Users/runner/Library/Developer/Xcode/DerivedData/TranslateApp-dhxlwmsysdlfcpeksaunblwbmept/Build/Intermediates.noindex/ArchiveIntermediates/TranslateApp/BuildProductsPath/Release-iphoneos/XCFrameworkIntermediates/UMCommon -F /Users/runner/Library/Developer/Xcode/DerivedData/TranslateApp-dhxlwmsysdlfcpeksaunblwbmept/Build/Intermediates.noindex/ArchiveIntermediates/TranslateApp/BuildProductsPath/Release-iphoneos/XCFrameworkIntermediates/UMDevice -no-color-diagnostics -Xcc -fno-color-diagnostics -g -debug-info-format\=dwarf -dwarf-version\=4 -module-cache-path /Users/runner/Library/Developer/Xcode/DerivedData/ModuleCache.noindex -swift-version 5 -enforce-exclusivity\=checked -O -D COCOAPODS -serialize-debugging-options -const-gather-protocols-file /Users/runner/Library/Developer/Xcode/DerivedData/TranslateApp-dhxlwmsysdlfcpeksaunblwbmept/Build/Intermediates.noindex/ArchiveIntermediates/TranslateApp/IntermediateBuildFilesPath/TranslateApp.build/Release-iphoneos/TranslateApp.build/Objects-normal/arm64/TranslateApp_const_extract_protocols.json -enable-experimental-feature DebugDescriptionMacro -enable-bare-slash-regex -empty-abi-descriptor -validate-clang-modules-once -clang-build-session-file /Users/runner/Library/Developer/Xcode/DerivedData/ModuleCache.noindex/Session.modulevalidation -Xcc -working-directory -Xcc /Users/runner/work/Ultra_Translation/Ultra_Translation -file-compilation-dir /Users/runner/work/Ultra_Translation/Ultra_Translation -Xcc -ivfsstatcache -Xcc /Users/runner/Library/Developer/Xcode/DerivedData/SDKStatCaches.noindex/iphoneos26.2-23C57-dc75598d0054f22ec865fa860f139d722dd23b4ebda140f7210d155ff1243552.sdkstatcache -Xcc -I/Users/runner/Library/Developer/Xcode/DerivedData/TranslateApp-dhxlwmsysdlfcpeksaunblwbmept/Build/Intermediates.noindex/ArchiveIntermediates/TranslateApp/IntermediateBuildFilesPath/TranslateApp.build/Release-iphoneos/TranslateApp.build/swift-overrides.hmap -Xcc -iquote -Xcc /Users/runner/Library/Developer/Xcode/DerivedData/TranslateApp-dhxlwmsysdlfcpeksaunblwbmept/Build/Intermediates.noindex/ArchiveIntermediates/TranslateApp/IntermediateBuildFilesPath/TranslateApp.build/Release-iphoneos/TranslateApp.build/TranslateApp-generated-files.hmap -Xcc -I/Users/runner/Library/Developer/Xcode/DerivedData/TranslateApp-dhxlwmsysdlfcpeksaunblwbmept/Build/Intermediates.noindex/ArchiveIntermediates/TranslateApp/IntermediateBuildFilesPath/TranslateApp.build/Release-iphoneos/TranslateApp.build/TranslateApp-own-target-headers.hmap -Xcc -I/Users/runner/Library/Developer/Xcode/DerivedData/TranslateApp-dhxlwmsysdlfcpeksaunblwbmept/Build/Intermediates.noindex/ArchiveIntermediates/TranslateApp/IntermediateBuildFilesPath/TranslateApp.build/Release-iphoneos/TranslateApp.build/TranslateApp-all-target-headers.hmap -Xcc -iquote -Xcc /Users/runner/Library/Developer/Xcode/DerivedData/TranslateApp-dhxlwmsysdlfcpeksaunblwbmept/Build/Intermediates.noindex/ArchiveIntermediates/TranslateApp/IntermediateBuildFilesPath/TranslateApp.build/Release-iphoneos/TranslateApp.build/TranslateApp-project-headers.hmap -Xcc -I/Users/runner/Library/Developer/Xcode/DerivedData/TranslateApp-dhxlwmsysdlfcpeksaunblwbmept/Build/Intermediates.noindex/ArchiveIntermediates/TranslateApp/BuildProductsPath/Release-iphoneos/include -Xcc -I/Users/runner/Library/Developer/Xcode/DerivedData/TranslateApp-dhxlwmsysdlfcpeksaunblwbmept/Build/Intermediates.noindex/ArchiveIntermediates/TranslateApp/BuildProductsPath/Release-iphoneos/GTMSessionFetcher/GTMSessionFetcher.framework/Headers -Xcc -I/Users/runner/Library/Developer/Xcode/DerivedData/TranslateApp-dhxlwmsysdlfcpeksaunblwbmept/Build/Intermediates.noindex/ArchiveIntermediates/TranslateApp/BuildProductsPath/Release-iphoneos/GoogleDataTransport/GoogleDataTransport.framework/Headers -Xcc -I/Users/runner/Library/Developer/Xcode/DerivedData/TranslateApp-dhxlwmsysdlfcpeksaunblwbmept/Build/Intermediates.noindex/ArchiveIntermediates/TranslateApp/BuildProductsPath/Release-iphoneos/GoogleToolboxForMac/GoogleToolboxForMac.framework/Headers -Xcc -I/Users/runner/Library/Developer/Xcode/DerivedData/TranslateApp-dhxlwmsysdlfcpeksaunblwbmept/Build/Intermediates.noindex/ArchiveIntermediates/TranslateApp/BuildProductsPath/Release-iphoneos/GoogleUtilities/GoogleUtilities.framework/Headers -Xcc -I/Users/runner/Library/Developer/Xcode/DerivedData/TranslateApp-dhxlwmsysdlfcpeksaunblwbmept/Build/Intermediates.noindex/ArchiveIntermediates/TranslateApp/BuildProductsPath/Release-iphoneos/PromisesObjC/FBLPromises.framework/Headers -Xcc -I/Users/runner/Library/Developer/Xcode/DerivedData/TranslateApp-dhxlwmsysdlfcpeksaunblwbmept/Build/Intermediates.noindex/ArchiveIntermediates/TranslateApp/BuildProductsPath/Release-iphoneos/SSZipArchive/SSZipArchive.framework/Headers -Xcc -I/Users/runner/Library/Developer/Xcode/DerivedData/TranslateApp-dhxlwmsysdlfcpeksaunblwbmept/Build/Intermediates.noindex/ArchiveIntermediates/TranslateApp/BuildProductsPath/Release-iphoneos/SubscriptionKit/SubscriptionKit.framework/Headers -Xcc -I/Users/runner/Library/Developer/Xcode/DerivedData/TranslateApp-dhxlwmsysdlfcpeksaunblwbmept/Build/Intermediates.noindex/ArchiveIntermediates/TranslateApp/BuildProductsPath/Release-iphoneos/nanopb/nanopb.framework/Headers -Xcc -I/Users/runner/work/Ultra_Translation/Ultra_Translation/Pods/Headers/Public -Xcc -I/Users/runner/work/Ultra_Translation/Ultra_Translation/Pods/Headers/Public/GoogleMLKit -Xcc -I/Users/runner/work/Ultra_Translation/Ultra_Translation/Pods/GoogleMLKit/MLKitCore/Sources -Xcc -I/Users/runner/Library/Developer/Xcode/DerivedData/TranslateApp-dhxlwmsysdlfcpeksaunblwbmept/Build/Intermediates.noindex/ArchiveIntermediates/TranslateApp/IntermediateBuildFilesPath/TranslateApp.build/Release-iphoneos/TranslateApp.build/DerivedSources-normal/arm64 -Xcc -I/Users/runner/Library/Developer/Xcode/DerivedData/TranslateApp-dhxlwmsysdlfcpeksaunblwbmept/Build/Intermediates.noindex/ArchiveIntermediates/TranslateApp/IntermediateBuildFilesPath/TranslateApp.build/Release-iphoneos/TranslateApp.build/DerivedSources/arm64 -Xcc -I/Users/runner/Library/Developer/Xcode/DerivedData/TranslateApp-dhxlwmsysdlfcpeksaunblwbmept/Build/Intermediates.noindex/ArchiveIntermediates/TranslateApp/IntermediateBuildFilesPath/TranslateApp.build/Release-iphoneos/TranslateApp.build/DerivedSources -Xcc -DCOCOAPODS\=1 -Xcc -DPB_FIELD_32BIT\=1 -Xcc -DPB_NO_PACKED_STRUCTS\=1 -Xcc -DPB_ENABLE_MALLOC\=1 -no-auto-bridging-header-chaining -module-name TranslateApp -frontend-parseable-output -disable-clang-spi -target-sdk-version 26.2 -target-sdk-name iphoneos26.2 -external-plugin-path /Applications/Xcode_26.3.app/Contents/Developer/Platforms/iPhoneOS.platform/Developer/usr/lib/swift/host/plugins\#/Applications/Xcode_26.3.app/Contents/Developer/Platforms/iPhoneOS.platform/Developer/usr/bin/swift-plugin-server -external-plugin-path /Applications/Xcode_26.3.app/Contents/Developer/Platforms/iPhoneOS.platform/Developer/usr/local/lib/swift/host/plugins\#/Applications/Xcode_26.3.app/Contents/Developer/Platforms/iPhoneOS.platform/Developer/usr/bin/swift-plugin-server -in-process-plugin-server-path /Applications/Xcode_26.3.app/Contents/Developer/Toolchains/XcodeDefault.xctoolchain/usr/lib/swift/host/libSwiftInProcPluginServer.dylib -plugin-path /Applications/Xcode_26.3.app/Contents/Developer/Toolchains/XcodeDefault.xctoolchain/usr/lib/swift/host/plugins -plugin-path /Applications/Xcode_26.3.app/Contents/Developer/Toolchains/XcodeDefault.xctoolchain/usr/local/lib/swift/host/plugins -enable-default-cmo -num-threads 3 -o /Users/runner/Library/Developer/Xcode/DerivedData/TranslateApp-dhxlwmsysdlfcpeksaunblwbmept/Build/Intermediates.noindex/ArchiveIntermediates/TranslateApp/IntermediateBuildFilesPath/TranslateApp.build/Release-iphoneos/TranslateApp.build/Objects-normal/arm64/AboutView.o -o /Users/runner/Library/Developer/Xcode/DerivedData/TranslateApp-dhxlwmsysdlfcpeksaunblwbmept/Build/Intermediates.noindex/ArchiveIntermediates/TranslateApp/IntermediateBuildFilesPath/TranslateApp.build/Release-iphoneos/TranslateApp.build/Objects-normal/arm64/AppColors.o -o /Users/runner/Library/Developer/Xcode/DerivedData/TranslateApp-dhxlwmsysdlfcpeksaunblwbmept/Build/Intermediates.noindex/ArchiveIntermediates/TranslateApp/IntermediateBuildFilesPath/TranslateApp.build/Release-iphoneos/TranslateApp.build/Objects-normal/arm64/AppFonts.o -o /Users/runner/Library/Developer/Xcode/DerivedData/TranslateApp-dhxlwmsysdlfcpeksaunblwbmept/Build/Intermediates.noindex/ArchiveIntermediates/TranslateApp/IntermediateBuildFilesPath/TranslateApp.build/Release-iphoneos/TranslateApp.build/Objects-normal/arm64/AppInfo.o -o /Users/runner/Library/Developer/Xcode/DerivedData/TranslateApp-dhxlwmsysdlfcpeksaunblwbmept/Build/Intermediates.noindex/ArchiveIntermediates/TranslateApp/IntermediateBuildFilesPath/TranslateApp.build/Release-iphoneos/TranslateApp.build/Objects-normal/arm64/AppModels.o -o /Users/runner/Library/Developer/Xcode/DerivedData/TranslateApp-dhxlwmsysdlfcpeksaunblwbmept/Build/Intermediates.noindex/ArchiveIntermediates/TranslateApp/IntermediateBuildFilesPath/TranslateApp.build/Release-iphoneos/TranslateApp.build/Objects-normal/arm64/AppReviewPromptCoordinator.o -o /Users/runner/Library/Developer/Xcode/DerivedData/TranslateApp-dhxlwmsysdlfcpeksaunblwbmept/Build/Intermediates.noindex/ArchiveIntermediates/TranslateApp/IntermediateBuildFilesPath/TranslateApp.build/Release-iphoneos/TranslateApp.build/Objects-normal/arm64/AppRouter.o -o /Users/runner/Library/Developer/Xcode/DerivedData/TranslateApp-dhxlwmsysdlfcpeksaunblwbmept/Build/Intermediates.noindex/ArchiveIntermediates/TranslateApp/IntermediateBuildFilesPath/TranslateApp.build/Release-iphoneos/TranslateApp.build/Objects-normal/arm64/AppSpacing.o -o /Users/runner/Library/Developer/Xcode/DerivedData/TranslateApp-dhxlwmsysdlfcpeksaunblwbmept/Build/Intermediates.noindex/ArchiveIntermediates/TranslateApp/IntermediateBuildFilesPath/TranslateApp.build/Release-iphoneos/TranslateApp.build/Objects-normal/arm64/AppleTranslationBridge.o -o /Users/runner/Library/Developer/Xcode/DerivedData/TranslateApp-dhxlwmsysdlfcpeksaunblwbmept/Build/Intermediates.noindex/ArchiveIntermediates/TranslateApp/IntermediateBuildFilesPath/TranslateApp.build/Release-iphoneos/TranslateApp.build/Objects-normal/arm64/AppleTranslationHostView.o -o /Users/runner/Library/Developer/Xcode/DerivedData/TranslateApp-dhxlwmsysdlfcpeksaunblwbmept/Build/Intermediates.noindex/ArchiveIntermediates/TranslateApp/IntermediateBuildFilesPath/TranslateApp.build/Release-iphoneos/TranslateApp.build/Objects-normal/arm64/Color+Hex.o -o /Users/runner/Library/Developer/Xcode/DerivedData/TranslateApp-dhxlwmsysdlfcpeksaunblwbmept/Build/Intermediates.noindex/ArchiveIntermediates/TranslateApp/IntermediateBuildFilesPath/TranslateApp.build/Release-iphoneos/TranslateApp.build/Objects-normal/arm64/ConversationHistoryDetailView.o -o /Users/runner/Library/Developer/Xcode/DerivedData/TranslateApp-dhxlwmsysdlfcpeksaunblwbmept/Build/Intermediates.noindex/ArchiveIntermediates/TranslateApp/IntermediateBuildFilesPath/TranslateApp.build/Release-iphoneos/TranslateApp.build/Objects-normal/arm64/ConversationView.o -o /Users/runner/Library/Developer/Xcode/DerivedData/TranslateApp-dhxlwmsysdlfcpeksaunblwbmept/Build/Intermediates.noindex/ArchiveIntermediates/TranslateApp/IntermediateBuildFilesPath/TranslateApp.build/Release-iphoneos/TranslateApp.build/Objects-normal/arm64/DataManagementView.o -o /Users/runner/Library/Developer/Xcode/DerivedData/TranslateApp-dhxlwmsysdlfcpeksaunblwbmept/Build/Intermediates.noindex/ArchiveIntermediates/TranslateApp/IntermediateBuildFilesPath/TranslateApp.build/Release-iphoneos/TranslateApp.build/Objects-normal/arm64/DeveloperDebugView.o -o /Users/runner/Library/Developer/Xcode/DerivedData/TranslateApp-dhxlwmsysdlfcpeksaunblwbmept/Build/Intermediates.noindex/ArchiveIntermediates/TranslateApp/IntermediateBuildFilesPath/TranslateApp.build/Release-iphoneos/TranslateApp.build/Objects-normal/arm64/EmptyStateView.o -o /Users/runner/Library/Developer/Xcode/DerivedData/TranslateApp-dhxlwmsysdlfcpeksaunblwbmept/Build/Intermediates.noindex/ArchiveIntermediates/TranslateApp/IntermediateBuildFilesPath/TranslateApp.build/Release-iphoneos/TranslateApp.build/Objects-normal/arm64/FillImage.o -o /Users/runner/Library/Developer/Xcode/DerivedData/TranslateApp-dhxlwmsysdlfcpeksaunblwbmept/Build/Intermediates.noindex/ArchiveIntermediates/TranslateApp/IntermediateBuildFilesPath/TranslateApp.build/Release-iphoneos/TranslateApp.build/Objects-normal/arm64/Haptics.o -o /Users/runner/Library/Developer/Xcode/DerivedData/TranslateApp-dhxlwmsysdlfcpeksaunblwbmept/Build/Intermediates.noindex/ArchiveIntermediates/TranslateApp/IntermediateBuildFilesPath/TranslateApp.build/Release-iphoneos/TranslateApp.build/Objects-normal/arm64/HomeInputAssistants.o -o /Users/runner/Library/Developer/Xcode/DerivedData/TranslateApp-dhxlwmsysdlfcpeksaunblwbmept/Build/Intermediates.noindex/ArchiveIntermediates/TranslateApp/IntermediateBuildFilesPath/TranslateApp.build/Release-iphoneos/TranslateApp.build/Objects-normal/arm64/IconView.o -o /Users/runner/Library/Developer/Xcode/DerivedData/TranslateApp-dhxlwmsysdlfcpeksaunblwbmept/Build/Intermediates.noindex/ArchiveIntermediates/TranslateApp/IntermediateBuildFilesPath/TranslateApp.build/Release-iphoneos/TranslateApp.build/Objects-normal/arm64/L2NavBar.o -o /Users/runner/Library/Developer/Xcode/DerivedData/TranslateApp-dhxlwmsysdlfcpeksaunblwbmept/Build/Intermediates.noindex/ArchiveIntermediates/TranslateApp/IntermediateBuildFilesPath/TranslateApp.build/Release-iphoneos/TranslateApp.build/Objects-normal/arm64/LanguageSelectionSheet.o -o /Users/runner/Library/Developer/Xcode/DerivedData/TranslateApp-dhxlwmsysdlfcpeksaunblwbmept/Build/Intermediates.noindex/ArchiveIntermediates/TranslateApp/IntermediateBuildFilesPath/TranslateApp.build/Release-iphoneos/TranslateApp.build/Objects-normal/arm64/LibraryView.o -o /Users/runner/Library/Developer/Xcode/DerivedData/TranslateApp-dhxlwmsysdlfcpeksaunblwbmept/Build/Intermediates.noindex/ArchiveIntermediates/TranslateApp/IntermediateBuildFilesPath/TranslateApp.build/Release-iphoneos/TranslateApp.build/Objects-normal/arm64/MainTabView.o -o /Users/runner/Library/Developer/Xcode/DerivedData/TranslateApp-dhxlwmsysdlfcpeksaunblwbmept/Build/Intermediates.noindex/ArchiveIntermediates/TranslateApp/IntermediateBuildFilesPath/TranslateApp.build/Release-iphoneos/TranslateApp.build/Objects-normal/arm64/MockData.o -o /Users/runner/Library/Developer/Xcode/DerivedData/TranslateApp-dhxlwmsysdlfcpeksaunblwbmept/Build/Intermediates.noindex/ArchiveIntermediates/TranslateApp/IntermediateBuildFilesPath/TranslateApp.build/Release-iphoneos/TranslateApp.build/Objects-normal/arm64/ModelManagementView.o -o /Users/runner/Library/Developer/Xcode/DerivedData/TranslateApp-dhxlwmsysdlfcpeksaunblwbmept/Build/Intermediates.noindex/ArchiveIntermediates/TranslateApp/IntermediateBuildFilesPath/TranslateApp.build/Release-iphoneos/TranslateApp.build/Objects-normal/arm64/ModelSelectionSheet.o -o /Users/runner/Library/Developer/Xcode/DerivedData/TranslateApp-dhxlwmsysdlfcpeksaunblwbmept/Build/Intermediates.noindex/ArchiveIntermediates/TranslateApp/IntermediateBuildFilesPath/TranslateApp.build/Release-iphoneos/TranslateApp.build/Objects-normal/arm64/OCRResultView.o -o /Users/runner/Library/Developer/Xcode/DerivedData/TranslateApp-dhxlwmsysdlfcpeksaunblwbmept/Build/Intermediates.noindex/ArchiveIntermediates/TranslateApp/IntermediateBuildFilesPath/TranslateApp.build/Release-iphoneos/TranslateApp.build/Objects-normal/arm64/OfflineManagementView.o -o /Users/runner/Library/Developer/Xcode/DerivedData/TranslateApp-dhxlwmsysdlfcpeksaunblwbmept/Build/Intermediates.noindex/ArchiveIntermediates/TranslateApp/IntermediateBuildFilesPath/TranslateApp.build/Release-iphoneos/TranslateApp.build/Objects-normal/arm64/OfflineTranslationService.o -o /Users/runner/Library/Developer/Xcode/DerivedData/TranslateApp-dhxlwmsysdlfcpeksaunblwbmept/Build/Intermediates.noindex/ArchiveIntermediates/TranslateApp/IntermediateBuildFilesPath/TranslateApp.build/Release-iphoneos/TranslateApp.build/Objects-normal/arm64/OnboardingView.o -o /Users/runner/Library/Developer/Xcode/DerivedData/TranslateApp-dhxlwmsysdlfcpeksaunblwbmept/Build/Intermediates.noindex/ArchiveIntermediates/TranslateApp/IntermediateBuildFilesPath/TranslateApp.build/Release-iphoneos/TranslateApp.build/Objects-normal/arm64/PaywallView.o -o /Users/runner/Library/Developer/Xcode/DerivedData/TranslateApp-dhxlwmsysdlfcpeksaunblwbmept/Build/Intermediates.noindex/ArchiveIntermediates/TranslateApp/IntermediateBuildFilesPath/TranslateApp.build/Release-iphoneos/TranslateApp.build/Objects-normal/arm64/PhotoHistoryDetailView.o -o /Users/runner/Library/Developer/Xcode/DerivedData/TranslateApp-dhxlwmsysdlfcpeksaunblwbmept/Build/Intermediates.noindex/ArchiveIntermediates/TranslateApp/IntermediateBuildFilesPath/TranslateApp.build/Release-iphoneos/TranslateApp.build/Objects-normal/arm64/PhotoView.o -o /Users/runner/Library/Developer/Xcode/DerivedData/TranslateApp-dhxlwmsysdlfcpeksaunblwbmept/Build/Intermediates.noindex/ArchiveIntermediates/TranslateApp/IntermediateBuildFilesPath/TranslateApp.build/Release-iphoneos/TranslateApp.build/Objects-normal/arm64/PrimaryButton.o -o /Users/runner/Library/Developer/Xcode/DerivedData/TranslateApp-dhxlwmsysdlfcpeksaunblwbmept/Build/Intermediates.noindex/ArchiveIntermediates/TranslateApp/IntermediateBuildFilesPath/TranslateApp.build/Release-iphoneos/TranslateApp.build/Objects-normal/arm64/PrivacyAgreementView.o -o /Users/runner/Library/Developer/Xcode/DerivedData/TranslateApp-dhxlwmsysdlfcpeksaunblwbmept/Build/Intermediates.noindex/ArchiveIntermediates/TranslateApp/IntermediateBuildFilesPath/TranslateApp.build/Release-iphoneos/TranslateApp.build/Objects-normal/arm64/RecommendedAppsView.o -o /Users/runner/Library/Developer/Xcode/DerivedData/TranslateApp-dhxlwmsysdlfcpeksaunblwbmept/Build/Intermediates.noindex/ArchiveIntermediates/TranslateApp/IntermediateBuildFilesPath/TranslateApp.build/Release-iphoneos/TranslateApp.build/Objects-normal/arm64/RootView.o -o /Users/runner/Library/Developer/Xcode/DerivedData/TranslateApp-dhxlwmsysdlfcpeksaunblwbmept/Build/Intermediates.noindex/ArchiveIntermediates/TranslateApp/IntermediateBuildFilesPath/TranslateApp.build/Release-iphoneos/TranslateApp.build/Objects-normal/arm64/SettingsView.o -o /Users/runner/Library/Developer/Xcode/DerivedData/TranslateApp-dhxlwmsysdlfcpeksaunblwbmept/Build/Intermediates.noindex/ArchiveIntermediates/TranslateApp/IntermediateBuildFilesPath/TranslateApp.build/Release-iphoneos/TranslateApp.build/Objects-normal/arm64/SplashView.o -o /Users/runner/Library/Developer/Xcode/DerivedData/TranslateApp-dhxlwmsysdlfcpeksaunblwbmept/Build/Intermediates.noindex/ArchiveIntermediates/TranslateApp/IntermediateBuildFilesPath/TranslateApp.build/Release-iphoneos/TranslateApp.build/Objects-normal/arm64/ToastView.o -o /Users/runner/Library/Developer/Xcode/DerivedData/TranslateApp-dhxlwmsysdlfcpeksaunblwbmept/Build/Intermediates.noindex/ArchiveIntermediates/TranslateApp/IntermediateBuildFilesPath/TranslateApp.build/Release-iphoneos/TranslateApp.build/Objects-normal/arm64/TranslateApp.o -o /Users/runner/Library/Developer/Xcode/DerivedData/TranslateApp-dhxlwmsysdlfcpeksaunblwbmept/Build/Intermediates.noindex/ArchiveIntermediates/TranslateApp/IntermediateBuildFilesPath/TranslateApp.build/Release-iphoneos/TranslateApp.build/Objects-normal/arm64/TranslateDetailView.o -o /Users/runner/Library/Developer/Xcode/DerivedData/TranslateApp-dhxlwmsysdlfcpeksaunblwbmept/Build/Intermediates.noindex/ArchiveIntermediates/TranslateApp/IntermediateBuildFilesPath/TranslateApp.build/Release-iphoneos/TranslateApp.build/Objects-normal/arm64/TranslateHomeView.o -o /Users/runner/Library/Developer/Xcode/DerivedData/TranslateApp-dhxlwmsysdlfcpeksaunblwbmept/Build/Intermediates.noindex/ArchiveIntermediates/TranslateApp/IntermediateBuildFilesPath/TranslateApp.build/Release-iphoneos/TranslateApp.build/Objects-normal/arm64/TranslationStore.o -o /Users/runner/Library/Developer/Xcode/DerivedData/TranslateApp-dhxlwmsysdlfcpeksaunblwbmept/Build/Intermediates.noindex/ArchiveIntermediates/TranslateApp/IntermediateBuildFilesPath/TranslateApp.build/Release-iphoneos/TranslateApp.build/Objects-normal/arm64/VIPBannerView.o -o /Users/runner/Library/Developer/Xcode/DerivedData/TranslateApp-dhxlwmsysdlfcpeksaunblwbmept/Build/Intermediates.noindex/ArchiveIntermediates/TranslateApp/IntermediateBuildFilesPath/TranslateApp.build/Release-iphoneos/TranslateApp.build/Objects-normal/arm64/View+Keyboard.o -o /Users/runner/Library/Developer/Xcode/DerivedData/TranslateApp-dhxlwmsysdlfcpeksaunblwbmept/Build/Intermediates.noindex/ArchiveIntermediates/TranslateApp/IntermediateBuildFilesPath/TranslateApp.build/Release-iphoneos/TranslateApp.build/Objects-normal/arm64/GeneratedAssetSymbols.o -index-unit-output-path /TranslateApp.build/Release-iphoneos/TranslateApp.build/Objects-normal/arm64/AboutView.o -index-unit-output-path /TranslateApp.build/Release-iphoneos/TranslateApp.build/Objects-normal/arm64/AppColors.o -index-unit-output-path /TranslateApp.build/Release-iphoneos/TranslateApp.build/Objects-normal/arm64/AppFonts.o -index-unit-output-path /TranslateApp.build/Release-iphoneos/TranslateApp.build/Objects-normal/arm64/AppInfo.o -index-unit-output-path /TranslateApp.build/Release-iphoneos/TranslateApp.build/Objects-normal/arm64/AppModels.o -index-unit-output-path /TranslateApp.build/Release-iphoneos/TranslateApp.build/Objects-normal/arm64/AppReviewPromptCoordinator.o -index-unit-output-path /TranslateApp.build/Release-iphoneos/TranslateApp.build/Objects-normal/arm64/AppRouter.o -index-unit-output-path /TranslateApp.build/Release-iphoneos/TranslateApp.build/Objects-normal/arm64/AppSpacing.o -index-unit-output-path /TranslateApp.build/Release-iphoneos/TranslateApp.build/Objects-normal/arm64/AppleTranslationBridge.o -index-unit-output-path /TranslateApp.build/Release-iphoneos/TranslateApp.build/Objects-normal/arm64/AppleTranslationHostView.o -index-unit-output-path /TranslateApp.build/Release-iphoneos/TranslateApp.build/Objects-normal/arm64/Color+Hex.o -index-unit-output-path /TranslateApp.build/Release-iphoneos/TranslateApp.build/Objects-normal/arm64/ConversationHistoryDetailView.o -index-unit-output-path /TranslateApp.build/Release-iphoneos/TranslateApp.build/Objects-normal/arm64/ConversationView.o -index-unit-output-path /TranslateApp.build/Release-iphoneos/TranslateApp.build/Objects-normal/arm64/DataManagementView.o -index-unit-output-path /TranslateApp.build/Release-iphoneos/TranslateApp.build/Objects-normal/arm64/DeveloperDebugView.o -index-unit-output-path /TranslateApp.build/Release-iphoneos/TranslateApp.build/Objects-normal/arm64/EmptyStateView.o -index-unit-output-path /TranslateApp.build/Release-iphoneos/TranslateApp.build/Objects-normal/arm64/FillImage.o -index-unit-output-path /TranslateApp.build/Release-iphoneos/TranslateApp.build/Objects-normal/arm64/Haptics.o -index-unit-output-path /TranslateApp.build/Release-iphoneos/TranslateApp.build/Objects-normal/arm64/HomeInputAssistants.o -index-unit-output-path /TranslateApp.build/Release-iphoneos/TranslateApp.build/Objects-normal/arm64/IconView.o -index-unit-output-path /TranslateApp.build/Release-iphoneos/TranslateApp.build/Objects-normal/arm64/L2NavBar.o -index-unit-output-path /TranslateApp.build/Release-iphoneos/TranslateApp.build/Objects-normal/arm64/LanguageSelectionSheet.o -index-unit-output-path /TranslateApp.build/Release-iphoneos/TranslateApp.build/Objects-normal/arm64/LibraryView.o -index-unit-output-path /TranslateApp.build/Release-iphoneos/TranslateApp.build/Objects-normal/arm64/MainTabView.o -index-unit-output-path /TranslateApp.build/Release-iphoneos/TranslateApp.build/Objects-normal/arm64/MockData.o -index-unit-output-path /TranslateApp.build/Release-iphoneos/TranslateApp.build/Objects-normal/arm64/ModelManagementView.o -index-unit-output-path /TranslateApp.build/Release-iphoneos/TranslateApp.build/Objects-normal/arm64/ModelSelectionSheet.o -index-unit-output-path /TranslateApp.build/Release-iphoneos/TranslateApp.build/Objects-normal/arm64/OCRResultView.o -index-unit-output-path /TranslateApp.build/Release-iphoneos/TranslateApp.build/Objects-normal/arm64/OfflineManagementView.o -index-unit-output-path /TranslateApp.build/Release-iphoneos/TranslateApp.build/Objects-normal/arm64/OfflineTranslationService.o -index-unit-output-path /TranslateApp.build/Release-iphoneos/TranslateApp.build/Objects-normal/arm64/OnboardingView.o -index-unit-output-path /TranslateApp.build/Release-iphoneos/TranslateApp.build/Objects-normal/arm64/PaywallView.o -index-unit-output-path /TranslateApp.build/Release-iphoneos/TranslateApp.build/Objects-normal/arm64/PhotoHistoryDetailView.o -index-unit-output-path /TranslateApp.build/Release-iphoneos/TranslateApp.build/Objects-normal/arm64/PhotoView.o -index-unit-output-path /TranslateApp.build/Release-iphoneos/TranslateApp.build/Objects-normal/arm64/PrimaryButton.o -index-unit-output-path /TranslateApp.build/Release-iphoneos/TranslateApp.build/Objects-normal/arm64/PrivacyAgreementView.o -index-unit-output-path /TranslateApp.build/Release-iphoneos/TranslateApp.build/Objects-normal/arm64/RecommendedAppsView.o -index-unit-output-path /TranslateApp.build/Release-iphoneos/TranslateApp.build/Objects-normal/arm64/RootView.o -index-unit-output-path /TranslateApp.build/Release-iphoneos/TranslateApp.build/Objects-normal/arm64/SettingsView.o -index-unit-output-path /TranslateApp.build/Release-iphoneos/TranslateApp.build/Objects-normal/arm64/SplashView.o -index-unit-output-path /TranslateApp.build/Release-iphoneos/TranslateApp.build/Objects-normal/arm64/ToastView.o -index-unit-output-path /TranslateApp.build/Release-iphoneos/TranslateApp.build/Objects-normal/arm64/TranslateApp.o -index-unit-output-path /TranslateApp.build/Release-iphoneos/TranslateApp.build/Objects-normal/arm64/TranslateDetailView.o -index-unit-output-path /TranslateApp.build/Release-iphoneos/TranslateApp.build/Objects-normal/arm64/TranslateHomeView.o -index-unit-output-path /TranslateApp.build/Release-iphoneos/TranslateApp.build/Objects-normal/arm64/TranslationStore.o -index-unit-output-path /TranslateApp.build/Release-iphoneos/TranslateApp.build/Objects-normal/arm64/VIPBannerView.o -index-unit-output-path /TranslateApp.build/Release-iphoneos/TranslateApp.build/Objects-normal/arm64/View+Keyboard.o -index-unit-output-path /TranslateApp.build/Release-iphoneos/TranslateApp.build/Objects-normal/arm64/GeneratedAssetSymbols.o
SwiftDriver\ Compilation TranslateApp normal arm64 com.apple.xcode.tools.swift.compiler (in target 'TranslateApp' from project 'TranslateApp')
    cd /Users/runner/work/Ultra_Translation/Ultra_Translation
    builtin-Swift-Compilation -- /Applications/Xcode_26.3.app/Contents/Developer/Toolchains/XcodeDefault.xctoolchain/usr/bin/swiftc -module-name TranslateApp -O -whole-module-optimization -enforce-exclusivity\=checked @/Users/runner/Library/Developer/Xcode/DerivedData/TranslateApp-dhxlwmsysdlfcpeksaunblwbmept/Build/Intermediates.noindex/ArchiveIntermediates/TranslateApp/IntermediateBuildFilesPath/TranslateApp.build/Release-iphoneos/TranslateApp.build/Objects-normal/arm64/TranslateApp.SwiftFileList -D COCOAPODS -enable-bare-slash-regex -enable-experimental-feature DebugDescriptionMacro -sdk /Applications/Xcode_26.3.app/Contents/Developer/Platforms/iPhoneOS.platform/Developer/SDKs/iPhoneOS26.2.sdk -target arm64-apple-ios16.0 -g -module-cache-path /Users/runner/Library/Developer/Xcode/DerivedData/ModuleCache.noindex -Xfrontend -serialize-debugging-options -swift-version 5 -I /Users/runner/Library/Developer/Xcode/DerivedData/TranslateApp-dhxlwmsysdlfcpeksaunblwbmept/Build/Intermediates.noindex/ArchiveIntermediates/TranslateApp/BuildProductsPath/Release-iphoneos -F /Users/runner/Library/Developer/Xcode/DerivedData/TranslateApp-dhxlwmsysdlfcpeksaunblwbmept/Build/Intermediates.noindex/ArchiveIntermediates/TranslateApp/BuildProductsPath/Release-iphoneos -F /Users/runner/Library/Developer/Xcode/DerivedData/TranslateApp-dhxlwmsysdlfcpeksaunblwbmept/Build/Intermediates.noindex/ArchiveIntermediates/TranslateApp/BuildProductsPath/Release-iphoneos/GTMSessionFetcher -F /Users/runner/Library/Developer/Xcode/DerivedData/TranslateApp-dhxlwmsysdlfcpeksaunblwbmept/Build/Intermediates.noindex/ArchiveIntermediates/TranslateApp/BuildProductsPath/Release-iphoneos/GoogleDataTransport -F /Users/runner/Library/Developer/Xcode/DerivedData/TranslateApp-dhxlwmsysdlfcpeksaunblwbmept/Build/Intermediates.noindex/ArchiveIntermediates/TranslateApp/BuildProductsPath/Release-iphoneos/GoogleToolboxForMac -F /Users/runner/Library/Developer/Xcode/DerivedData/TranslateApp-dhxlwmsysdlfcpeksaunblwbmept/Build/Intermediates.noindex/ArchiveIntermediates/TranslateApp/BuildProductsPath/Release-iphoneos/GoogleUtilities -F /Users/runner/Library/Developer/Xcode/DerivedData/TranslateApp-dhxlwmsysdlfcpeksaunblwbmept/Build/Intermediates.noindex/ArchiveIntermediates/TranslateApp/BuildProductsPath/Release-iphoneos/PromisesObjC -F /Users/runner/Library/Developer/Xcode/DerivedData/TranslateApp-dhxlwmsysdlfcpeksaunblwbmept/Build/Intermediates.noindex/ArchiveIntermediates/TranslateApp/BuildProductsPath/Release-iphoneos/SSZipArchive -F /Users/runner/Library/Developer/Xcode/DerivedData/TranslateApp-dhxlwmsysdlfcpeksaunblwbmept/Build/Intermediates.noindex/ArchiveIntermediates/TranslateApp/BuildProductsPath/Release-iphoneos/SubscriptionKit -F /Users/runner/Library/Developer/Xcode/DerivedData/TranslateApp-dhxlwmsysdlfcpeksaunblwbmept/Build/Intermediates.noindex/ArchiveIntermediates/TranslateApp/BuildProductsPath/Release-iphoneos/nanopb -F /Users/runner/work/Ultra_Translation/Ultra_Translation/Pods/MLKitCommon/Frameworks -F /Users/runner/work/Ultra_Translation/Ultra_Translation/Pods/MLKitNaturalLanguage/Frameworks -F /Users/runner/work/Ultra_Translation/Ultra_Translation/Pods/MLKitTranslate/Frameworks -F /Users/runner/work/Ultra_Translation/Ultra_Translation/Pods/UMCommon/UMCommon_7.5.11 -F /Users/runner/work/Ultra_Translation/Ultra_Translation/Pods/UMDevice/UMDevice_3.6.0 -F /Users/runner/Library/Developer/Xcode/DerivedData/TranslateApp-dhxlwmsysdlfcpeksaunblwbmept/Build/Intermediates.noindex/ArchiveIntermediates/TranslateApp/BuildProductsPath/Release-iphoneos/XCFrameworkIntermediates/UMCommon -F /Users/runner/Library/Developer/Xcode/DerivedData/TranslateApp-dhxlwmsysdlfcpeksaunblwbmept/Build/Intermediates.noindex/ArchiveIntermediates/TranslateApp/BuildProductsPath/Release-iphoneos/XCFrameworkIntermediates/UMDevice -c -num-threads 3 -Xcc -ivfsstatcache -Xcc /Users/runner/Library/Developer/Xcode/DerivedData/SDKStatCaches.noindex/iphoneos26.2-23C57-dc75598d0054f22ec865fa860f139d722dd23b4ebda140f7210d155ff1243552.sdkstatcache -output-file-map /Users/runner/Library/Developer/Xcode/DerivedData/TranslateApp-dhxlwmsysdlfcpeksaunblwbmept/Build/Intermediates.noindex/ArchiveIntermediates/TranslateApp/IntermediateBuildFilesPath/TranslateApp.build/Release-iphoneos/TranslateApp.build/Objects-normal/arm64/TranslateApp-OutputFileMap.json -use-frontend-parseable-output -save-temps -no-color-diagnostics -serialize-diagnostics -emit-dependencies -emit-module -emit-module-path /Users/runner/Library/Developer/Xcode/DerivedData/TranslateApp-dhxlwmsysdlfcpeksaunblwbmept/Build/Intermediates.noindex/ArchiveIntermediates/TranslateApp/IntermediateBuildFilesPath/TranslateApp.build/Release-iphoneos/TranslateApp.build/Objects-normal/arm64/TranslateApp.swiftmodule -validate-clang-modules-once -clang-build-session-file /Users/runner/Library/Developer/Xcode/DerivedData/ModuleCache.noindex/Session.modulevalidation -Xcc -I/Users/runner/Library/Developer/Xcode/DerivedData/TranslateApp-dhxlwmsysdlfcpeksaunblwbmept/Build/Intermediates.noindex/ArchiveIntermediates/TranslateApp/IntermediateBuildFilesPath/TranslateApp.build/Release-iphoneos/TranslateApp.build/swift-overrides.hmap -emit-const-values -Xfrontend -const-gather-protocols-file -Xfrontend /Users/runner/Library/Developer/Xcode/DerivedData/TranslateApp-dhxlwmsysdlfcpeksaunblwbmept/Build/Intermediates.noindex/ArchiveIntermediates/TranslateApp/IntermediateBuildFilesPath/TranslateApp.build/Release-iphoneos/TranslateApp.build/Objects-normal/arm64/TranslateApp_const_extract_protocols.json -Xcc -iquote -Xcc /Users/runner/Library/Developer/Xcode/DerivedData/TranslateApp-dhxlwmsysdlfcpeksaunblwbmept/Build/Intermediates.noindex/ArchiveIntermediates/TranslateApp/IntermediateBuildFilesPath/TranslateApp.build/Release-iphoneos/TranslateApp.build/TranslateApp-generated-files.hmap -Xcc -I/Users/runner/Library/Developer/Xcode/DerivedData/TranslateApp-dhxlwmsysdlfcpeksaunblwbmept/Build/Intermediates.noindex/ArchiveIntermediates/TranslateApp/IntermediateBuildFilesPath/TranslateApp.build/Release-iphoneos/TranslateApp.build/TranslateApp-own-target-headers.hmap -Xcc -I/Users/runner/Library/Developer/Xcode/DerivedData/TranslateApp-dhxlwmsysdlfcpeksaunblwbmept/Build/Intermediates.noindex/ArchiveIntermediates/TranslateApp/IntermediateBuildFilesPath/TranslateApp.build/Release-iphoneos/TranslateApp.build/TranslateApp-all-target-headers.hmap -Xcc -iquote -Xcc /Users/runner/Library/Developer/Xcode/DerivedData/TranslateApp-dhxlwmsysdlfcpeksaunblwbmept/Build/Intermediates.noindex/ArchiveIntermediates/TranslateApp/IntermediateBuildFilesPath/TranslateApp.build/Release-iphoneos/TranslateApp.build/TranslateApp-project-headers.hmap -Xcc -I/Users/runner/Library/Developer/Xcode/DerivedData/TranslateApp-dhxlwmsysdlfcpeksaunblwbmept/Build/Intermediates.noindex/ArchiveIntermediates/TranslateApp/BuildProductsPath/Release-iphoneos/include -Xcc -I/Users/runner/Library/Developer/Xcode/DerivedData/TranslateApp-dhxlwmsysdlfcpeksaunblwbmept/Build/Intermediates.noindex/ArchiveIntermediates/TranslateApp/BuildProductsPath/Release-iphoneos/GTMSessionFetcher/GTMSessionFetcher.framework/Headers -Xcc -I/Users/runner/Library/Developer/Xcode/DerivedData/TranslateApp-dhxlwmsysdlfcpeksaunblwbmept/Build/Intermediates.noindex/ArchiveIntermediates/TranslateApp/BuildProductsPath/Release-iphoneos/GoogleDataTransport/GoogleDataTransport.framework/Headers -Xcc -I/Users/runner/Library/Developer/Xcode/DerivedData/TranslateApp-dhxlwmsysdlfcpeksaunblwbmept/Build/Intermediates.noindex/ArchiveIntermediates/TranslateApp/BuildProductsPath/Release-iphoneos/GoogleToolboxForMac/GoogleToolboxForMac.framework/Headers -Xcc -I/Users/runner/Library/Developer/Xcode/DerivedData/TranslateApp-dhxlwmsysdlfcpeksaunblwbmept/Build/Intermediates.noindex/ArchiveIntermediates/TranslateApp/BuildProductsPath/Release-iphoneos/GoogleUtilities/GoogleUtilities.framework/Headers -Xcc -I/Users/runner/Library/Developer/Xcode/DerivedData/TranslateApp-dhxlwmsysdlfcpeksaunblwbmept/Build/Intermediates.noindex/ArchiveIntermediates/TranslateApp/BuildProductsPath/Release-iphoneos/PromisesObjC/FBLPromises.framework/Headers -Xcc -I/Users/runner/Library/Developer/Xcode/DerivedData/TranslateApp-dhxlwmsysdlfcpeksaunblwbmept/Build/Intermediates.noindex/ArchiveIntermediates/TranslateApp/BuildProductsPath/Release-iphoneos/SSZipArchive/SSZipArchive.framework/Headers -Xcc -I/Users/runner/Library/Developer/Xcode/DerivedData/TranslateApp-dhxlwmsysdlfcpeksaunblwbmept/Build/Intermediates.noindex/ArchiveIntermediates/TranslateApp/BuildProductsPath/Release-iphoneos/SubscriptionKit/SubscriptionKit.framework/Headers -Xcc -I/Users/runner/Library/Developer/Xcode/DerivedData/TranslateApp-dhxlwmsysdlfcpeksaunblwbmept/Build/Intermediates.noindex/ArchiveIntermediates/TranslateApp/BuildProductsPath/Release-iphoneos/nanopb/nanopb.framework/Headers -Xcc -I/Users/runner/work/Ultra_Translation/Ultra_Translation/Pods/Headers/Public -Xcc -I/Users/runner/work/Ultra_Translation/Ultra_Translation/Pods/Headers/Public/GoogleMLKit -Xcc -I/Users/runner/work/Ultra_Translation/Ultra_Translation/Pods/GoogleMLKit/MLKitCore/Sources -Xcc -I/Users/runner/Library/Developer/Xcode/DerivedData/TranslateApp-dhxlwmsysdlfcpeksaunblwbmept/Build/Intermediates.noindex/ArchiveIntermediates/TranslateApp/IntermediateBuildFilesPath/TranslateApp.build/Release-iphoneos/TranslateApp.build/DerivedSources-normal/arm64 -Xcc -I/Users/runner/Library/Developer/Xcode/DerivedData/TranslateApp-dhxlwmsysdlfcpeksaunblwbmept/Build/Intermediates.noindex/ArchiveIntermediates/TranslateApp/IntermediateBuildFilesPath/TranslateApp.build/Release-iphoneos/TranslateApp.build/DerivedSources/arm64 -Xcc -I/Users/runner/Library/Developer/Xcode/DerivedData/TranslateApp-dhxlwmsysdlfcpeksaunblwbmept/Build/Intermediates.noindex/ArchiveIntermediates/TranslateApp/IntermediateBuildFilesPath/TranslateApp.build/Release-iphoneos/TranslateApp.build/DerivedSources -Xcc -DCOCOAPODS\=1 -Xcc -DPB_FIELD_32BIT\=1 -Xcc -DPB_NO_PACKED_STRUCTS\=1 -Xcc -DPB_ENABLE_MALLOC\=1 -emit-objc-header -emit-objc-header-path /Users/runner/Library/Developer/Xcode/DerivedData/TranslateApp-dhxlwmsysdlfcpeksaunblwbmept/Build/Intermediates.noindex/ArchiveIntermediates/TranslateApp/IntermediateBuildFilesPath/TranslateApp.build/Release-iphoneos/TranslateApp.build/Objects-normal/arm64/TranslateApp-Swift.h -working-directory /Users/runner/work/Ultra_Translation/Ultra_Translation -no-emit-module-separately-wmo

LinkAssetCatalog /Users/runner/work/Ultra_Translation/Ultra_Translation/TranslateApp/Resources/Assets.xcassets (in target 'TranslateApp' from project 'TranslateApp')
    cd /Users/runner/work/Ultra_Translation/Ultra_Translation
    builtin-linkAssetCatalog --thinned /Users/runner/Library/Developer/Xcode/DerivedData/TranslateApp-dhxlwmsysdlfcpeksaunblwbmept/Build/Intermediates.noindex/ArchiveIntermediates/TranslateApp/IntermediateBuildFilesPath/TranslateApp.build/Release-iphoneos/TranslateApp.build/assetcatalog_output/thinned --thinned-dependencies /Users/runner/Library/Developer/Xcode/DerivedData/TranslateApp-dhxlwmsysdlfcpeksaunblwbmept/Build/Intermediates.noindex/ArchiveIntermediates/TranslateApp/IntermediateBuildFilesPath/TranslateApp.build/Release-iphoneos/TranslateApp.build/assetcatalog_dependencies_thinned --thinned-info-plist-content /Users/runner/Library/Developer/Xcode/DerivedData/TranslateApp-dhxlwmsysdlfcpeksaunblwbmept/Build/Intermediates.noindex/ArchiveIntermediates/TranslateApp/IntermediateBuildFilesPath/TranslateApp.build/Release-iphoneos/TranslateApp.build/assetcatalog_generated_info.plist_thinned --unthinned /Users/runner/Library/Developer/Xcode/DerivedData/TranslateApp-dhxlwmsysdlfcpeksaunblwbmept/Build/Intermediates.noindex/ArchiveIntermediates/TranslateApp/IntermediateBuildFilesPath/TranslateApp.build/Release-iphoneos/TranslateApp.build/assetcatalog_output/unthinned --unthinned-dependencies /Users/runner/Library/Developer/Xcode/DerivedData/TranslateApp-dhxlwmsysdlfcpeksaunblwbmept/Build/Intermediates.noindex/ArchiveIntermediates/TranslateApp/IntermediateBuildFilesPath/TranslateApp.build/Release-iphoneos/TranslateApp.build/assetcatalog_dependencies_unthinned --unthinned-info-plist-content /Users/runner/Library/Developer/Xcode/DerivedData/TranslateApp-dhxlwmsysdlfcpeksaunblwbmept/Build/Intermediates.noindex/ArchiveIntermediates/TranslateApp/IntermediateBuildFilesPath/TranslateApp.build/Release-iphoneos/TranslateApp.build/assetcatalog_generated_info.plist_unthinned --output /Users/runner/Library/Developer/Xcode/DerivedData/TranslateApp-dhxlwmsysdlfcpeksaunblwbmept/Build/Intermediates.noindex/ArchiveIntermediates/TranslateApp/InstallationBuildProductsLocation/Applications/TranslateApp.app --plist-output /Users/runner/Library/Developer/Xcode/DerivedData/TranslateApp-dhxlwmsysdlfcpeksaunblwbmept/Build/Intermediates.noindex/ArchiveIntermediates/TranslateApp/IntermediateBuildFilesPath/TranslateApp.build/Release-iphoneos/TranslateApp.build/assetcatalog_generated_info.plist
note: Emplaced /Users/runner/Library/Developer/Xcode/DerivedData/TranslateApp-dhxlwmsysdlfcpeksaunblwbmept/Build/Intermediates.noindex/ArchiveIntermediates/TranslateApp/InstallationBuildProductsLocation/Applications/TranslateApp.app/AppIcon60x60@2x.png (in target 'TranslateApp' from project 'TranslateApp')
note: Emplaced /Users/runner/Library/Developer/Xcode/DerivedData/TranslateApp-dhxlwmsysdlfcpeksaunblwbmept/Build/Intermediates.noindex/ArchiveIntermediates/TranslateApp/InstallationBuildProductsLocation/Applications/TranslateApp.app/Assets.car (in target 'TranslateApp' from project 'TranslateApp')
note: Emplaced /Users/runner/Library/Developer/Xcode/DerivedData/TranslateApp-dhxlwmsysdlfcpeksaunblwbmept/Build/Intermediates.noindex/ArchiveIntermediates/TranslateApp/InstallationBuildProductsLocation/Applications/TranslateApp.app/AppIcon76x76@2x~ipad.png (in target 'TranslateApp' from project 'TranslateApp')

ProcessInfoPlistFile /Users/runner/Library/Developer/Xcode/DerivedData/TranslateApp-dhxlwmsysdlfcpeksaunblwbmept/Build/Intermediates.noindex/ArchiveIntermediates/TranslateApp/InstallationBuildProductsLocation/Applications/TranslateApp.app/Info.plist /Users/runner/work/Ultra_Translation/Ultra_Translation/TranslateApp/Info.plist (in target 'TranslateApp' from project 'TranslateApp')
    cd /Users/runner/work/Ultra_Translation/Ultra_Translation
    builtin-infoPlistUtility /Users/runner/work/Ultra_Translation/Ultra_Translation/TranslateApp/Info.plist -producttype com.apple.product-type.application -genpkginfo /Users/runner/Library/Developer/Xcode/DerivedData/TranslateApp-dhxlwmsysdlfcpeksaunblwbmept/Build/Intermediates.noindex/ArchiveIntermediates/TranslateApp/InstallationBuildProductsLocation/Applications/TranslateApp.app/PkgInfo -expandbuildsettings -format binary -platform iphoneos -additionalcontentfile /Users/runner/Library/Developer/Xcode/DerivedData/TranslateApp-dhxlwmsysdlfcpeksaunblwbmept/Build/Intermediates.noindex/ArchiveIntermediates/TranslateApp/IntermediateBuildFilesPath/TranslateApp.build/Release-iphoneos/TranslateApp.build/assetcatalog_generated_info.plist -requiredArchitecture arm64 -o /Users/runner/Library/Developer/Xcode/DerivedData/TranslateApp-dhxlwmsysdlfcpeksaunblwbmept/Build/Intermediates.noindex/ArchiveIntermediates/TranslateApp/InstallationBuildProductsLocation/Applications/TranslateApp.app/Info.plist

** ARCHIVE FAILED **


The following build commands failed:
	CompileSwift normal arm64 (in target 'TranslateApp' from project 'TranslateApp')
	SwiftCompile normal arm64 Compiling\ AboutView.swift,\ AppColors.swift,\ AppFonts.swift,\ AppInfo.swift,\ AppModels.swift,\ AppReviewPromptCoordinator.swift,\ AppRouter.swift,\ AppSpacing.swift,\ AppleTranslationBridge.swift,\ AppleTranslationHostView.swift,\ Color+Hex.swift,\ ConversationHistoryDetailView.swift,\ ConversationView.swift,\ DataManagementView.swift,\ DeveloperDebugView.swift,\ EmptyStateView.swift,\ FillImage.swift,\ Haptics.swift,\ HomeInputAssistants.swift,\ IconView.swift,\ L2NavBar.swift,\ LanguageSelectionSheet.swift,\ LibraryView.swift,\ MainTabView.swift,\ MockData.swift,\ ModelManagementView.swift,\ ModelSelectionSheet.swift,\ OCRResultView.swift,\ OfflineManagementView.swift,\ OfflineTranslationService.swift,\ OnboardingView.swift,\ PaywallView.swift,\ PhotoHistoryDetailView.swift,\ PhotoView.swift,\ PrimaryButton.swift,\ PrivacyAgreementView.swift,\ RecommendedAppsView.swift,\ RootView.swift,\ SettingsView.swift,\ SplashView.swift,\ ToastView.swift,\ TranslateApp.swift,\ TranslateDetailView.swift,\ TranslateHomeView.swift,\ TranslationStore.swift,\ VIPBannerView.swift,\ View+Keyboard.swift,\ GeneratedAssetSymbols.swift /Users/runner/work/Ultra_Translation/Ultra_Translation/TranslateApp/Modules/Settings/AboutView.swift /Users/runner/work/Ultra_Translation/Ultra_Translation/TranslateApp/Presentation/Theme/AppColors.swift /Users/runner/work/Ultra_Translation/Ultra_Translation/TranslateApp/Presentation/Theme/AppFonts.swift /Users/runner/work/Ultra_Translation/Ultra_Translation/TranslateApp/Infrastructure/Helpers/AppInfo.swift /Users/runner/work/Ultra_Translation/Ultra_Translation/TranslateApp/Domain/AppModels.swift /Users/runner/work/Ultra_Translation/Ultra_Translation/TranslateApp/Infrastructure/Helpers/AppReviewPromptCoordinator.swift /Users/runner/work/Ultra_Translation/Ultra_Translation/TranslateApp/App/Router/AppRouter.swift /Users/runner/work/Ultra_Translation/Ultra_Translation/TranslateApp/Presentation/Theme/AppSpacing.swift /Users/runner/work/Ultra_Translation/Ultra_Translation/TranslateApp/Data/AppleTranslationBridge.swift /Users/runner/work/Ultra_Translation/Ultra_Translation/TranslateApp/Presentation/Host/AppleTranslationHostView.swift /Users/runner/work/Ultra_Translation/Ultra_Translation/TranslateApp/Infrastructure/Extensions/Color+Hex.swift /Users/runner/work/Ultra_Translation/Ultra_Translation/TranslateApp/Modules/Conversation/ConversationHistoryDetailView.swift /Users/runner/work/Ultra_Translation/Ultra_Translation/TranslateApp/Modules/Conversation/ConversationView.swift /Users/runner/work/Ultra_Translation/Ultra_Translation/TranslateApp/Modules/Settings/DataManagementView.swift /Users/runner/work/Ultra_Translation/Ultra_Translation/TranslateApp/Modules/Settings/DeveloperDebugView.swift /Users/runner/work/Ultra_Translation/Ultra_Translation/TranslateApp/Presentation/Components/EmptyStateView.swift /Users/runner/work/Ultra_Translation/Ultra_Translation/TranslateApp/Presentation/Components/FillImage.swift /Users/runner/work/Ultra_Translation/Ultra_Translation/TranslateApp/Infrastructure/Helpers/Haptics.swift /Users/runner/work/Ultra_Translation/Ultra_Translation/TranslateApp/Modules/Translate/HomeInputAssistants.swift /Users/runner/work/Ultra_Translation/Ultra_Translation/TranslateApp/Presentation/Components/IconView.swift /Users/runner/work/Ultra_Translation/Ultra_Translation/TranslateApp/Presentation/Components/L2NavBar.swift /Users/runner/work/Ultra_Translation/Ultra_Translation/TranslateApp/Presentation/Components/LanguageSelectionSheet.swift /Users/runner/work/Ultra_Translation/Ultra_Translation/TranslateApp/Modules/Library/LibraryView.swift /Users/runner/work/Ultra_Translation/Ultra_Translation/TranslateApp/App/MainTabView.swift /Users/runner/work/Ultra_Translation/Ultra_Translation/TranslateApp/Data/MockData.swift /Users/runner/work/Ultra_Translation/Ultra_Translation/TranslateApp/Modules/Settings/ModelManagementView.swift /Users/runner/work/Ultra_Translation/Ultra_Translation/TranslateApp/Presentation/Components/ModelSelectionSheet.swift /Users/runner/work/Ultra_Translation/Ultra_Translation/TranslateApp/Modules/Photo/OCRResultView.swift /Users/runner/work/Ultra_Translation/Ultra_Translation/TranslateApp/Modules/Settings/OfflineManagementView.swift /Users/runner/work/Ultra_Translation/Ultra_Translation/TranslateApp/Data/OfflineTranslationService.swift /Users/runner/work/Ultra_Translation/Ultra_Translation/TranslateApp/Modules/Launch/OnboardingView.swift /Users/runner/work/Ultra_Translation/Ultra_Translation/TranslateApp/Modules/Paywall/PaywallView.swift /Users/runner/work/Ultra_Translation/Ultra_Translation/TranslateApp/Modules/Photo/PhotoHistoryDetailView.swift /Users/runner/work/Ultra_Translation/Ultra_Translation/TranslateApp/Modules/Photo/PhotoView.swift /Users/runner/work/Ultra_Translation/Ultra_Translation/TranslateApp/Presentation/Components/PrimaryButton.swift /Users/runner/work/Ultra_Translation/Ultra_Translation/TranslateApp/Modules/Settings/PrivacyAgreementView.swift /Users/runner/work/Ultra_Translation/Ultra_Translation/TranslateApp/Presentation/Components/RecommendedAppsView.swift /Users/runner/work/Ultra_Translation/Ultra_Translation/TranslateApp/App/RootView.swift /Users/runner/work/Ultra_Translation/Ultra_Translation/TranslateApp/Modules/Settings/SettingsView.swift /Users/runner/work/Ultra_Translation/Ultra_Translation/TranslateApp/Modules/Launch/SplashView.swift /Users/runner/work/Ultra_Translation/Ultra_Translation/TranslateApp/Presentation/Components/ToastView.swift /Users/runner/work/Ultra_Translation/Ultra_Translation/TranslateApp/App/TranslateApp.swift /Users/runner/work/Ultra_Translation/Ultra_Translation/TranslateApp/Modules/Translate/TranslateDetailView.swift /Users/runner/work/Ultra_Translation/Ultra_Translation/TranslateApp/Modules/Translate/TranslateHomeView.swift /Users/runner/work/Ultra_Translation/Ultra_Translation/TranslateApp/Data/TranslationStore.swift /Users/runner/work/Ultra_Translation/Ultra_Translation/TranslateApp/Presentation/Components/VIPBannerView.swift /Users/runner/work/Ultra_Translation/Ultra_Translation/TranslateApp/Infrastructure/Extensions/View+Keyboard.swift /Users/runner/Library/Developer/Xcode/DerivedData/TranslateApp-dhxlwmsysdlfcpeksaunblwbmept/Build/Intermediates.noindex/ArchiveIntermediates/TranslateApp/IntermediateBuildFilesPath/TranslateApp.build/Release-iphoneos/TranslateApp.build/DerivedSources/GeneratedAssetSymbols.swift (in target 'TranslateApp' from project 'TranslateApp')
	Archiving workspace TranslateApp with scheme TranslateApp
(3 failures)
